ID,Titulo_Catalogo,Tipo,Categoria,Estado,TMDB_Espanol,TMDB_Original,Anio,Similitud,Alternativas,Popularidad
"1","Alice in Wonderland (2010)","movie","peliculas, comedia","SIN_RESULTADO","","","","","",""
"2","It (1990)","tv","series, terror","SIN_RESULTADO","","","","","",""
"3","Lilo & Stitch (2025)","movie","peliculas, comedia, cienciaficcion","SIN_RESULTADO","","","","","",""
"4","Pinocchio (2022)","movie","peliculas, drama","SIN_RESULTADO","","","","","",""
"5","The Fable (2019)","movie","peliculas, accion, comedia","SIN_RESULTADO","","","","","",""
"6","[REC] 2","movie","peliculas, terror","SOSPECHOSO","Cuarentena 2: Terminal","Quarantine 2: Terminal","2011","0.19","1","4"
"7","#Alive","movie","peliculas, terror","SOSPECHOSO","Sobreviviendo","Staying Alive","1983","0.50","1","5"
"8","10 Days of a Good Man","movie","peliculas, comedia, romance","SOSPECHOSO","10 días de un buen hombre","İyi Adamın 10 Günü","2023","0.25","0","3"
"9","365 Days: This Day","movie","peliculas, drama, romance","SOSPECHOSO","365 días: Aquel Día","365 dni: Ten dzień","2022","0.38","0","24"
"10","5 Centimeters per Second","movie","anime, drama, romance","SOSPECHOSO","秒速5センチメートル","秒速5センチメートル","2025","0.00","0","4"
"11","7 Women and a Murder","movie","peliculas, comedia","SOSPECHOSO","7 mujeres y un misterio","7 donne e un mistero","2021","0.29","0","3"
"12","A Business Proposal","tv","series, comedia, romance","SOSPECHOSO","Propuesta Laboral","사내맞선","2022","0.31","0","14"
"13","A Love So Beautiful","tv","series, romance, comedia, drama","SOSPECHOSO","Phro Thoe Khue Rak Raek - Un amor tan hermoso","เพราะเธอคือรักแรก","2024","0.12","0","3"
"14","A Poet","movie","peliculas, drama, comedia","SOSPECHOSO","A Poet in Exile","A Poet in Exile","2013","0.40","2","1"
"15","Agent from Above","tv","series, accion, drama","SOSPECHOSO","El agente divino","乩身","2026","0.30","0","7"
"16","All of Us Are Dead","tv","series, terror, drama","SOSPECHOSO","Estamos Muertos","지금 우리 학교는","2022","0.07","0","25"
"17","Anna","tv","series, drama","SOSPECHOSO","Anna Pigeon","Anna Pigeon","2026","0.46","2","25"
"18","As the Gods Will","movie","peliculas, accion","SOSPECHOSO","Como dios quiera","神さまの言うとおり","2014","0.08","0","6"
"19","Baki Dou","tv","anime, accion","SOSPECHOSO","Baki-Dou: El samurái invencible","刃牙道","2026","0.44","0","15"
"20","Berserk: The Golden Age Arc","tv","anime, accion","SOSPECHOSO","Berserk: La Edad de Oro – Memorial Edition","ベルセルク 黄金時代篇 MEMORIAL EDITION","2022","0.26","0","10"
"21","Blade","movie","peliculas, terror, accion","SOSPECHOSO","Blade Runner","Blade Runner","1982","0.53","1","22"
"22","Blade of the Immortal","tv","anime, accion, drama","SOSPECHOSO","無限の住人","無限の住人","2008","0.00","0","8"
"23","Bleach: Thousand-Year Blood War","tv","anime, accion","SOSPECHOSO","Bleach","BLEACH","2004","0.33","0","129"
"24","Chicago Typewriter","tv","series, drama, romance","SOSPECHOSO","La máquina de escribir","시카고 타자기","2017","0.06","0","4"
"25","Clean with Passion for Now","tv","series, comedia, romance","SOSPECHOSO","Limpia con pasión","일단 뜨겁게 청소하라","2018","0.36","0","9"
"26","Code Geass","tv","anime, accion, cienciaficcion","SOSPECHOSO","Code Geass: La Rebelión de Lelouch","コードギアス 反逆のルルーシュ","2006","0.53","0","33"
"27","Crash Landing on You","tv","series, romance, drama, comedia","SOSPECHOSO","Aterrizaje de emergencia en tu corazón","사랑의 불시착","2019","0.08","0","16"
"28","Dahmer","tv","series, drama, terror","SOSPECHOSO","Dahmer - Monstruo: La historia de Jeffrey Dahmer","DAHMER - Monster: The Jeffrey Dahmer Story","2022","0.33","0","32"
"29","Dandadan","tv","anime, accion, comedia","SOSPECHOSO","DAN DA DAN","ダンダダン","2024","0.44","0","35"
"30","Death's Roulette","movie","peliculas, drama","SOSPECHOSO","Uno Para Morir","Uno para morir","2023","0.00","0","3"
"31","Devil May Cry: The Animated Series","tv","anime, accion","SOSPECHOSO","デビル メイ クライ","デビル メイ クライ","2007","0.00","0","8"
"32","Digimon Adventure 01","tv","anime, accion, comedia","SOSPECHOSO","Digimon","デジモンアドベンチャー","1999","0.48","0","23"
"33","Digimon Adventure 02","tv","anime, accion","SOSPECHOSO","Digimon","デジモンアドベンチャー","1999","0.48","0","23"
"34","Disneynature: Bears","movie","peliculas, documental","SOSPECHOSO","Osos","Bears","2014","0.38","0","2"
"35","Dragon Ball Z: Bojack Unbound","movie","anime, accion","SOSPECHOSO","Dragon Ball Z: La Galaxia Corre Peligro","ドラゴンボールZ 銀河ギリギリ!! ぶっちぎりの凄い奴","1993","0.46","0","5"
"36","Dragon Ball Z: Broly - Second Coming","movie","anime, accion","SOSPECHOSO","Dragon Ball Z: El Regreso del Guerrero Legendario","ドラゴンボールＺ 危険なふたり！超戦士はねむれない","1994","0.47","0","5"
"37","Dragon Ball Z: Broly - The Legendary Super Saiyan","movie","anime, accion","SOSPECHOSO","Dragon Ball Z: El Poder Invencible","ドラゴンボールＺ 燃え尽きろ!!熱戦・烈戦・超激戦","1993","0.51","0","7"
"38","Dragon Ball Z: Lord Slug","movie","anime, accion","SOSPECHOSO","Dragon Ball Z: Goku es un Super Saiyajin","ドラゴンボールゼット 超スーパーサイヤ人じんだ孫そん悟ご空くう","1991","0.51","0","5"
"39","Dragon Ball Z: Resurrection 'F'","movie","anime, accion","SOSPECHOSO","ドラゴンボール超","ドラゴンボール超","2016","0.00","0","2"
"40","Dragon Ball Z: Super Android 13!","movie","anime, accion","SOSPECHOSO","Dragon Ball Z: La Pelea de los Tres Saiyajin","ドラゴンボールＺ 極限バトル！三大超サイヤ人","1992","0.50","0","4"
"41","Dragon Ball Z: The Tree of Might","movie","anime, accion","SOSPECHOSO","Dragon Ball Z: La Batalla más Grande de este Mundo está por Comenzar","ドラゴンボールZ 地球まるごと超決戦","1990","0.43","0","5"
"42","Dragon Ball Z: The World's Strongest","movie","anime, accion","SOSPECHOSO","Dragon Ball Z: El Hombre más Fuerte de este Mundo","ドラゴンボールZ この世で一番強いヤツ","1990","0.50","0","4"
"43","Dragon Ball: Curse of the Blood Rubies","movie","anime, accion","SOSPECHOSO","Dragon Ball: La leyenda de Shen Long","ドラゴンボール 神龍の伝説","1986","0.46","0","5"
"44","Eve","tv","series, drama, romance","SOSPECHOSO","Killing Eve","Killing Eve","2018","0.33","3","20"
"45","F*ck Love Too","movie","peliculas, comedia, romance","SOSPECHOSO","A la mierda el amor... otra vez","F*ck De Liefde 2","2022","0.50","0","2"
"46","Fishbowl Wives","tv","series, drama, romance","SOSPECHOSO","Como peces dorados","金魚妻","2022","0.07","0","8"
"47","Forecasting Love and Weather","tv","series, romance, comedia","SOSPECHOSO","Las inclemencias del amor","기상청 사람들: 사내연애 잔혹사 편","2022","0.16","0","8"
"48","Ghost in the Shell: The New Movie","movie","anime, accion, cienciaficcion","SOSPECHOSO","Ghost in the Shell Ascenso: La Película","攻殻機動隊 新劇場版","2015","0.54","0","5"
"49","Grave of the Fireflies","movie","anime, drama","SOSPECHOSO","火垂るの墓","火垂るの墓","2008","0.00","0","2"
"50","Heavenly Ever After","tv","series, drama, romance, comedia","SOSPECHOSO","Hasta que el cielo nos reúna","천국보다 아름다운","2025","0.00","0","5"
"51","Home Alone 4: Taking Back the House","movie","peliculas, comedia","SOSPECHOSO","Mi pobre angelito 4","Home Alone 4","2002","0.54","0","7"
"52","Howl's Moving Castle","movie","anime, cienciaficcion, romance","SOSPECHOSO","El increíble castillo vagabundo","ハウルの動く城","2004","0.26","0","29"
"53","I Will Be Your Bloom","tv","series, drama, comedia","SOSPECHOSO","Yo seré tu flor","君の花になる","2022","0.19","0","4"
"54","I'm Not a Robot","tv","series, comedia, romance","SOSPECHOSO","로봇이 아닙니다","로봇이 아닙니다","2019","0.00","0","2"
"55","Juvenile Justice","tv","series, drama","SOSPECHOSO","Tribunal de menores","소년심판","2022","0.07","0","10"
"56","Kiki's Delivery Service","movie","anime, comedia, drama","SOSPECHOSO","Kiki: Entregas a Domicilio","魔女の宅急便","1989","0.35","0","14"
"57","Kimi ni Todoke: From Me to You","tv","anime, romance, drama, comedia","SOSPECHOSO","Llegando a ti","君に届け","2009","0.18","0","38"
"58","Lost Bullet 2","movie","peliculas, accion","SOSPECHOSO","Bala Perdida 2","Balle perdue 2","2022","0.26","0","5"
"59","Mad Max","movie","peliculas, accion, cienciaficcion","SOSPECHOSO","Mad Max: Furia en el camino","Mad Max: Fury Road","2015","0.53","1","59"
"60","Miraculous: Tales of Ladybug & Cat Noir","tv","infantil, accion, comedia","SOSPECHOSO","Miraculous Chibi","Miraculous Chibi","2018","0.49","0","10"
"61","Money Heist","tv","series, accion","SOSPECHOSO","Berlín","Berlín","2023","0.00","0","21"
"62","Money Heist: Korea","tv","series, accion","SOSPECHOSO","La casa de papel: Corea","종이의 집: 공동경제구역","2022","0.19","0","10"
"63","Monster Rancher","tv","anime, accion, comedia","SOSPECHOSO","モンスターファーム","モンスターファーム","1999","0.00","0","9"
"64","My Encounter with Evil","tv","series, documental, terror","SOSPECHOSO","Mi encuentro con el mal","Mi encuentro con el mal","2022","0.26","0","2"
"65","My ID is Gangnam Beauty","tv","series, comedia, drama, romance","SOSPECHOSO","La Belleza de Gangnam","내 아이디는 강남미인","2018","0.46","0","9"
"66","Naruto Shippuden the Movie: The Will of Fire","movie","anime, accion","SOSPECHOSO","Naruto Shippuden 3: Los Herederos De La Voluntad De Fuego","劇場版 NARUTO -ナルト- 疾風伝 火の意志を継ぐ者","2009","0.51","0","5"
"67","Naruto the Movie 2: Legend of the Stone of Gelel","movie","anime, accion","SOSPECHOSO","Naruto la Película: Las Ruinas Ilusorias en lo Profundo de la Tierra","劇場版 NARUTO -ナルト- 大激突!幻の地底遺跡だってばよ","2005","0.31","0","5"
"68","Naruto the Movie 3: Guardians of the Crescent Moon Kingdom","movie","anime, accion","SOSPECHOSO","Naruto la Película: ¡La Gran Excitación! Pánico Animal en la Isla de la Luna","劇場版 NARUTO -ナルト- 大興奮!みかづき島のアニマル騒動だってばよ","2006","0.24","0","5"
"69","Naruto the Movie: Ninja Clash in the Land of Snow","movie","anime, accion","SOSPECHOSO","Naruto la Película: ¡El Rescate de la Princesa de la Nieve!","劇場版 NARUTO 大活劇! 雪姫忍法帖だってばよ!!","2004","0.38","0","7"
"70","New Bandits","tv","series, accion","SOSPECHOSO","Bandidos de hoy","Cangaço Novo","2023","0.38","0","5"
"71","Nobody Knows","tv","series, drama, terror","SOSPECHOSO","Nadie sabe nada","Nadie sabe nada","2013","0.00","0","13"
"72","Nobody Sleeps in the Woods Tonight","movie","peliculas, terror","SOSPECHOSO","Nadie duerme en el bosque esta noche","W lesie dziś nie zaśnie nikt","2020","0.13","0","3"
"73","Nobody Sleeps in the Woods Tonight 2","movie","peliculas, terror","SOSPECHOSO","Nadie duerme en el bosque esta noche 2","W lesie dziś nie zaśnie nikt II","2021","0.19","0","3"
"74","Oggy and the Cockroaches","tv","infantil, comedia","SOSPECHOSO","Oggy y las cucarachas","Oggy et les Cafards","1999","0.48","0","41"
"75","Once Upon a Small Town","tv","series, romance, comedia, drama","SOSPECHOSO","Érase un amor rural","어쩌다 전원일기","2022","0.13","0","6"
"76","Only for Love","tv","series, comedia, romance","SOSPECHOSO","以爱为营","以爱为营","2023","0.00","0","14"
"77","Pan's Labyrinth","movie","peliculas, drama, terror","SOSPECHOSO","El laberinto del fauno","El laberinto del fauno","2006","0.36","0","18"
"78","Payback: Money and Power","tv","series, drama, accion","SOSPECHOSO","법쩐","법쩐","2023","0.00","0","4"
"79","Pom Poko","movie","anime, comedia, drama","SOSPECHOSO","La Guerra de los Mapaches","平成狸合戦ぽんぽこ","1994","0.00","0","7"
"80","Ponyo","movie","anime, drama","SOSPECHOSO","Ponyo y el secreto de la sirenita","崖の上のポニョ","2008","0.36","0","12"
"81","Rings","movie","peliculas, terror","SOSPECHOSO","El señor de los anillos: El retorno del rey","The Lord of the Rings: The Return of the King","2003","0.36","2","45"
"82","Ringu","movie","peliculas, terror","SOSPECHOSO","Ringu Doorbell","Ringu Doorbell","2021","0.47","0","1"
"83","Saint Seiya: Evil Goddess Eris","movie","anime, accion","SOSPECHOSO","Los Caballeros del Zodiaco: La Reencarnación de Ellis","聖闘士星矢","1987","0.16","0","3"
"84","Saint Seiya: Legend of Crimson Youth","movie","anime, accion","SOSPECHOSO","Los Caballeros del Zodiaco: Contraatacan","聖闘士星矢 真紅の少年伝説","1988","0.14","0","3"
"85","Saint Seiya: The Hades Chapter","tv","anime, accion","SOSPECHOSO","Los Caballeros del Zodiaco: Saga de Hades","聖闘士星矢 冥王ハーデス","2002","0.39","0","20"
"86","Saint Seiya: The Heated Battle of the Gods","movie","anime, accion","SOSPECHOSO","Los Caballeros del Zodiaco: La Gran Batalla de los Dioses","聖闘士星矢 神々の熱き戦い","1988","0.27","0","3"
"87","Saint Seiya: Warriors of the Final Holy War","movie","anime, accion","SOSPECHOSO","Los Caballeros del Zodiaco: Contra Lucifer","聖闘士星矢 最終聖戦の戦士たち","1989","0.13","0","3"
"88","Secret Magic Control Agency","movie","infantil, comedia, accion","SOSPECHOSO","Mission Sleeping Beauty","Mission Sleeping Beauty","2025","0.04","0","2"
"89","Star Wars: Episode IV - A New Hope","movie","peliculas, cienciaficcion, accion","SOSPECHOSO","La guerra de las galaxias","Star Wars","1977","0.41","0","31"
"90","Star Wars: Episode VI - Return of the Jedi","movie","peliculas, cienciaficcion, accion","SOSPECHOSO","El regreso del Jedi","Return of the Jedi","1983","0.50","0","13"
"91","Study Group","tv","series, accion, drama, comedia","SOSPECHOSO","Grupo de estudio","스터디그룹","2025","0.45","0","17"
"92","Summer Strike","tv","series, drama, comedia","SOSPECHOSO","Summer quiere descansar","아무것도 하고 싶지 않아","2022","0.36","0","4"
"93","Ted","tv","series, comedia","SOSPECHOSO","Ted Lasso","Ted Lasso","2020","0.40","1","211"
"94","The Boy and the Heron","movie","anime, drama, cienciaficcion","SOSPECHOSO","El niño y la garza","君たちはどう生きるか","2023","0.00","0","15"
"95","The Fable","tv","anime, accion, comedia","SOSPECHOSO","De Fabeltjeskrant","De Fabeltjeskrant","1968","0.24","0","148"
"96","The Good Bad Mother","tv","series, drama, comedia","SOSPECHOSO","La buena mala madre","나쁜 엄마","2023","0.16","0","8"
"97","The Platform 2","movie","peliculas, terror, cienciaficcion, drama","SOSPECHOSO","El hoyo 2","El hoyo 2","2024","0.14","0","8"
"98","The Ring","movie","peliculas, terror","SOSPECHOSO","El señor de los anillos: La comunidad del anillo","The Lord of the Rings: The Fellowship of the Ring","2001","0.26","2","43"
"99","The Wild","movie","infantil, comedia","SOSPECHOSO","Robot salvaje","The Wild Robot","2024","0.50","1","45"
"100","The Wind Rises","movie","anime, drama","SOSPECHOSO","下風處","下風處","2023","0.00","0","1"
"101","This World Can't Tear Me Down","tv","series, comedia, drama","SOSPECHOSO","Este mundo no me hará mala persona","Questo mondo non mi renderà cattivo","2023","0.22","0","6"
"102","Through My Window","movie","peliculas, drama, romance","SOSPECHOSO","A través de mi ventana","A través de mi ventana","2022","0.06","0","12"
"103","Todd McFarlane's Spawn","tv","series, accion, terror, cienciaficcion","SOSPECHOSO","Spawn","Spawn","1997","0.33","0","9"
"104","Twenty-Five Twenty-One","tv","series, drama, romance","SOSPECHOSO","일흔다섯 스물하나","일흔다섯 스물하나","2023","0.00","0","1"
"105","Wait, My Youth","tv","series, drama, romance, comedia","SOSPECHOSO","Espera, mi juventud","等等啊我的青春","2019","0.07","0","4"
"106","War","movie","peliculas, accion","SOSPECHOSO","Avengers: Infinity War","Avengers: Infinity War","2018","0.19","0","96"
"107","Weak Hero Class","tv","series, drama, accion","SOSPECHOSO","Un héroe débil","약한영웅","2022","0.25","0","44"
"108","What Happened to Mr. Cha?","movie","peliculas, comedia, drama","SOSPECHOSO","¿Qué fue del Sr. Cha?","차인표","2021","0.26","0","2"
"109","What Is He Like","movie","peliculas, comedia, romance","SOSPECHOSO","¿Y cómo es él?","¿Y cómo es él?","2022","0.00","0","1"
"110","When Life Gives You Tangerines","tv","series, drama, comedia","SOSPECHOSO","Si la vida te da mandarinas...","폭싹 속았수다","2025","0.21","0","29"
"111","When Marnie Was There","movie","anime, drama","SOSPECHOSO","El recuerdo de Marnie","思い出のマーニー","2014","0.48","0","7"
"112","Wolf","movie","peliculas, drama","SOSPECHOSO","Dire Wolf","Dire Wolf","2009","0.55","0","1"
"113","X","movie","peliculas, terror","SOSPECHOSO","Rápidos y furiosos X","Fast X","2023","0.00","1","31"
"114","X-Men","movie","peliculas, accion, cienciaficcion","SOSPECHOSO","X-Men: Apocalipsis","X-Men: Apocalypse","2016","0.42","1","31"
"115","X2: X-Men United","movie","peliculas, accion, cienciaficcion","SOSPECHOSO","X-Men 2","X2","2003","0.50","0","1"
"116","Zoids","tv","anime, accion, cienciaficcion","SOSPECHOSO","Zoids: Chaotic Century","ゾイド","1999","0.35","0","8"
"117","Abuelos","movie","peliculas, comedia","SIN_POSTER","Abuelos","Abuelos","2010","1.00","1","3"
"118","Resident Evil: The Final Chapter","movie","peliculas, terror, accion, cienciaficcion","SIN_POSTER","Resident Evil: The Final Chapter Retaliation Mode","Resident Evil: The Final Chapter Retaliation Mode","2017","0.78","1","1"
"119","The Intouchables","movie","peliculas, comedia, drama","SIN_POSTER","المنبوذين","المنبوذين","","0.00","1","1"
"120","[REC]","movie","peliculas, terror","AMBIGUO","[REC]","[REC]","2007","1.00","2","11"
"121","1917","movie","peliculas, drama, accion","AMBIGUO","1917","1917","2019","1.00","1","16"
"122","2067","movie","peliculas, accion, cienciaficcion","AMBIGUO","2067","2067","2020","1.00","1","7"
"123","3 A.M.","movie","peliculas, terror","AMBIGUO","3 A.M.","ตีสาม 3D","2012","1.00","4","2"
"124","300","movie","peliculas, drama, accion","AMBIGUO","300","300","2007","1.00","1","17"
"125","365 Days","movie","peliculas, drama, romance","AMBIGUO","365 Days","365 Days","2015","1.00","1","1"
"126","4X4","movie","peliculas, drama","AMBIGUO","4x4","4x4","2019","1.00","3","3"
"127","72 Dangerous Animals","tv","series, documental","AMBIGUO","72 Animales Peligrosos: Australia","72 Dangerous Animals: Australia","2014","0.86","1","2"
"128","9","movie","infantil, cienciaficcion","AMBIGUO","9° pelotón","9 рота","2005","1.00","1","18"
"129","A Clockwork Orange","movie","peliculas, drama","AMBIGUO","La naranja mecánica","A Clockwork Orange","1971","1.00","1","15"
"130","A Haunted House","movie","peliculas, terror, comedia","AMBIGUO","¿Y dónde está el fantasma? 2","A Haunted House 2","2014","0.92","3","11"
"131","A Monster Calls","movie","peliculas, drama","AMBIGUO","Un monstruo viene a verme","A Monster Calls","2016","1.00","1","9"
"132","A Nightmare on Elm Street","movie","peliculas, terror","AMBIGUO","Pesadilla en la calle del infierno","A Nightmare on Elm Street","1984","1.00","1","22"
"133","A Quiet Place","movie","peliculas, terror, cienciaficcion","AMBIGUO","Un Lugar En Silencio","A Quiet Place","2018","1.00","2","17"
"134","A Quiet Place Part II","movie","peliculas, terror, cienciaficcion","AMBIGUO","Un lugar en silencio: Parte II","A Quiet Place Part II","2021","1.00","1","21"
"135","Abandon","movie","peliculas","AMBIGUO","Abandon","Abandon","2002","1.00","5","2"
"136","Abducted","movie","peliculas, accion","AMBIGUO","Abducted","Abducted","2007","1.00","5","2"
"137","Ace Ventura: Pet Detective","movie","peliculas, comedia","AMBIGUO","Ace Ventura: Detective de Mascotas","Ace Ventura: Pet Detective","1994","1.00","1","15"
"138","Ad Astra","movie","peliculas, drama, cienciaficcion","AMBIGUO","Ad Astra: Hacia las estrellas","Ad Astra","2019","1.00","4","7"
"139","Adventure Time","tv","infantil, comedia","AMBIGUO","Hora de Aventura","Adventure Time","2010","1.00","2","111"
"140","Afterburn","movie","peliculas, accion, cienciaficcion","AMBIGUO","Cazadores Del Fin Del Mundo","Afterburn","2025","1.00","2","10"
"141","Akelarre","movie","peliculas, terror, drama","AMBIGUO","Akelarre","Akelarre","1984","1.00","1","1"
"142","Akira","movie","anime, cienciaficcion, accion","AMBIGUO","Akira","AKIRA","1988","1.00","4","16"
"143","Aladdin","movie","peliculas, comedia","AMBIGUO","Aladdín","Aladdin","2019","1.00","4","16"
"144","Alice","tv","series, cienciaficcion, drama","AMBIGUO","ALICE","Alice","1976","1.00","1","43"
"145","Alice in Wonderland","movie","peliculas, comedia","AMBIGUO","Alicia en el país de las maravillas","Alice in Wonderland","2010","1.00","5","22"
"146","Alice Through the Looking Glass","movie","peliculas, comedia","AMBIGUO","Alicia a través del espejo","Alice Through the Looking Glass","2016","1.00","4","13"
"147","Alien","movie","peliculas, terror, cienciaficcion","AMBIGUO","Alien: El Octavo Pasajero","Alien","1979","1.00","1","29"
"148","Alien: Earth","tv","series, terror, cienciaficcion","AMBIGUO","Alien: Earth","Alien: Earth","2025","1.00","1","22"
"149","Alien³","movie","peliculas, terror, cienciaficcion","AMBIGUO","Alien: El Octavo Pasajero","Alien","1979","0.89","1","29"
"150","Aliens","movie","peliculas, terror, cienciaficcion, accion","AMBIGUO","Aliens: El Regreso","Aliens","1986","1.00","1","19"
"151","Alvin and the Chipmunks","movie","peliculas, comedia","AMBIGUO","Alvin Y Las Ardillas","Alvin and the Chipmunks","2007","1.00","1","17"
"152","Alvin and the Chipmunks","tv","infantil, comedia","AMBIGUO","Alvin and the Chipmunks","Alvin and the Chipmunks","1983","1.00","1","21"
"153","American Carnage","movie","peliculas, terror","AMBIGUO","Masacre Americana","American Carnage","2022","1.00","2","4"
"154","Anaconda","movie","peliculas, terror, accion","AMBIGUO","Anaconda","Anaconda","2025","1.00","3","19"
"155","Angels & Demons","movie","peliculas, accion","AMBIGUO","Ángeles y demonios","Angels & Demons","2009","1.00","1","14"
"156","Animal Kingdom","tv","series, drama","AMBIGUO","Animal Kingdom","Animal Kingdom","2016","1.00","1","43"
"157","Annabelle","movie","peliculas, terror","AMBIGUO","Annabelle","Annabelle","2014","1.00","2","10"
"158","Annihilation","movie","peliculas, terror, drama, cienciaficcion","AMBIGUO","Aniquilación","Annihilation","2018","1.00","1","14"
"159","Antichrist","movie","peliculas, terror, drama","AMBIGUO","Anticristo","Antichrist","2009","1.00","2","9"
"160","Apex","movie","peliculas, accion","AMBIGUO","Ápex","Apex","2026","1.00","3","30"
"161","Apocalypto","movie","peliculas, drama, accion","AMBIGUO","Apocalypto","Apocalypto","2006","1.00","1","17"
"162","Aquaman","movie","peliculas, accion","AMBIGUO","Aquaman","Aquaman","2018","1.00","2","16"
"163","Arcane","tv","series, accion, cienciaficcion, drama","AMBIGUO","Arcane","Arcane","2021","1.00","1","33"
"164","Are You Afraid of the Dark?","tv","infantil, terror","AMBIGUO","¿Le Temes a la Oscuridad?","Are You Afraid of the Dark?","1992","1.00","1","25"
"165","Army of the Dead","movie","peliculas, terror, accion","AMBIGUO","El ejército de los muertos","Army of the Dead","2021","1.00","1","10"
"166","Arrival","movie","peliculas, cienciaficcion, drama","AMBIGUO","La Llegada","Arrival","2016","1.00","5","24"
"167","As Above, So Below","movie","peliculas, terror, accion","AMBIGUO","Así en la Tierra como en el Infierno","As Above, So Below","2014","1.00","4","10"
"168","Astro Boy","movie","peliculas, accion","AMBIGUO","Astro Boy","Astro Boy","2009","1.00","2","7"
"169","Avatar: The Last Airbender","tv","infantil, accion, cienciaficcion, drama","AMBIGUO","Avatar: La leyenda de Aang","Avatar: The Last Airbender","2024","1.00","1","66"
"170","Back to the Future","movie","peliculas, cienciaficcion, comedia","AMBIGUO","Volver al Futuro","Back to the Future","1985","1.00","1","33"
"171","Back to the Future Part II","movie","peliculas, cienciaficcion, comedia","AMBIGUO","Volver al Futuro 2","Back to the Future Part II","1989","1.00","1","16"
"172","Bad Boys","movie","peliculas, accion, comedia","AMBIGUO","Bad Boys para Siempre","Bad Boys for Life","2020","0.61","3","13"
"173","Bad Guys","tv","series, accion, drama","AMBIGUO","Los tipos malos: Malos comienzos","The Bad Guys: The Series","2025","0.67","3","18"
"174","Bad Trip","movie","peliculas, comedia","AMBIGUO","Un viaje pesado","Bad Trip","2021","1.00","5","3"
"175","Batman","movie","peliculas, accion","AMBIGUO","Batman","The Batman","2022","1.00","1","32"
"176","Beauty and the Beast","movie","peliculas, romance, drama","AMBIGUO","La Bella y La Bestia","Beauty and the Beast","2017","1.00","4","27"
"177","Beetlejuice","movie","peliculas, comedia, terror","AMBIGUO","Beetlejuice Beetlejuice","Beetlejuice Beetlejuice","2024","0.91","1","22"
"178","Beetlejuice Beetlejuice","movie","peliculas, comedia, terror","AMBIGUO","Beetlejuice Beetlejuice","Beetlejuice Beetlejuice","2024","1.00","1","22"
"179","Berlin","tv","series, accion, drama","AMBIGUO","Babylon Berlin","Babylon Berlin","2017","0.56","1","28"
"180","Berserk","tv","anime, accion","AMBIGUO","Berserk","剣風伝奇ベルセルク","1997","1.00","1","19"
"181","Beyblade","tv","anime, accion","AMBIGUO","Beyblade X","BEYBLADE X","2023","0.88","2","72"
"182","Big Fish","movie","peliculas, drama, comedia","AMBIGUO","El Gran Pez","Big Fish","2003","1.00","4","11"
"183","Big Momma's House","movie","peliculas, comedia, accion","AMBIGUO","Mi abuela es un peligro","Big Momma's House","2000","1.00","1","9"
"184","Black Panther","movie","peliculas, accion","AMBIGUO","Pantera Negra","Black Panther","2018","1.00","4","26"
"185","Black Widow","movie","peliculas, accion","AMBIGUO","Black Widow","Black Widow","2021","1.00","4","25"
"186","Blade II","movie","peliculas, terror, accion","AMBIGUO","Blade II","Blade II","2002","1.00","1","13"
"187","Blair Witch","movie","peliculas, terror","AMBIGUO","El proyecto de la bruja de Blair","The Blair Witch Project","1999","0.71","1","13"
"188","Bluey","tv","infantil, comedia","AMBIGUO","Bluey","Bluey","2018","1.00","1","47"
"189","Bolt","movie","infantil, comedia, accion","AMBIGUO","Bolt: Un perro fuera de serie","Bolt","2008","1.00","3","15"
"190","Borderlands","movie","peliculas, comedia, accion, cienciaficcion","AMBIGUO","Borderlands: El destino del universo está en juego","Borderlands","2024","1.00","5","10"
"191","Brother Bear","movie","infantil, drama, accion","AMBIGUO","Tierra de Osos","Brother Bear","2003","1.00","2","13"
"192","Bulletproof","movie","peliculas, comedia, accion","AMBIGUO","Un Monje a Prueba de Balas","Bulletproof Monk","2003","0.80","3","6"
"193","Cars 3","movie","infantil, comedia","AMBIGUO","Cars 3","Cars 3","2017","1.00","1","27"
"194","Catch Me If You Can","movie","peliculas, comedia, drama","AMBIGUO","Atrápame si puedes","Catch Me If You Can","2002","1.00","4","22"
"195","Charlie and the Chocolate Factory","movie","peliculas, comedia, drama","AMBIGUO","Charlie y La Fábrica de Chocolate","Charlie and the Chocolate Factory","2005","1.00","1","22"
"196","Cheaper by the Dozen","movie","peliculas, comedia","AMBIGUO","Más barato por docena","Cheaper by the Dozen","2003","1.00","3","10"
"197","Chernobyl","tv","series, drama","AMBIGUO","Chernobyl","Chernobyl","2019","1.00","1","34"
"198","Child's Play","movie","peliculas, terror","AMBIGUO","Chucky: El muñeco diabólico","Child's Play","1988","1.00","5","13"
"199","Clarence","tv","infantil, comedia","AMBIGUO","Clarence","Clarence","2014","1.00","1","27"
"200","Clash of the Titans","movie","peliculas, accion","AMBIGUO","Furia de Titanes","Clash of the Titans","2010","1.00","1","14"
"201","Cocaine Bear","movie","peliculas, comedia, terror","AMBIGUO","Oso intoxicado","Cocaine Bear","2023","1.00","1","11"
"202","Coco","movie","infantil, drama","AMBIGUO","Coco","Coco","2017","1.00","1","41"
"203","Connect","tv","series, accion, drama, cienciaficcion","AMBIGUO","Only Connect","Only Connect","2008","0.75","1","34"
"204","Constantine","movie","peliculas, accion, terror, cienciaficcion","AMBIGUO","Constantine","Constantine","2005","1.00","2","17"
"205","Copycat","movie","peliculas, terror, drama","AMBIGUO","Copycat: El imitador","Copycat","1995","1.00","3","7"
"206","Crank","movie","peliculas, accion","AMBIGUO","Crank: Veneno en la sangre","Crank","2006","1.00","1","13"
"207","Creed","movie","peliculas, drama, accion","AMBIGUO","Creed. Corazón de campeón","Creed","2015","1.00","1","13"
"208","Creed II","movie","peliculas, drama, accion","AMBIGUO","Creed 2: Defendiendo el Legado","Creed II","2018","1.00","1","13"
"209","Cruella","movie","peliculas, comedia, drama","AMBIGUO","Cruella","Cruella","2021","1.00","1","19"
"210","Cube","movie","peliculas, terror, cienciaficcion","AMBIGUO","El cubo","Cube","1998","1.00","2","8"
"211","Cyberpunk: Edgerunners","tv","anime, accion, cienciaficcion, drama","AMBIGUO","Cyberpunk: Edgerunners","サイバーパンク: エッジランナーズ","2022","1.00","1","41"
"212","Dark Shadows","movie","peliculas, comedia, terror","AMBIGUO","Sombras Tenebrosas","Dark Shadows","2012","1.00","2","11"
"213","Deadpool","movie","peliculas, accion, comedia","AMBIGUO","Deadpool","Deadpool","2016","1.00","1","30"
"214","Death Note","tv","anime, drama","AMBIGUO","Death Note","DEATH NOTE","2006","1.00","1","41"
"215","Delete","tv","series, cienciaficcion","AMBIGUO","Borrado","Delete","2013","1.00","2","3"
"216","Den of Thieves","movie","peliculas, accion","AMBIGUO","El robo perfecto","Den of Thieves","2018","1.00","2","13"
"217","Despicable Me","movie","infantil, comedia","AMBIGUO","Mi villano favorito","Despicable Me","2010","1.00","3","27"
"218","Despicable Me 3","movie","infantil, comedia","AMBIGUO","Mi Villano Favorito 3","Despicable Me 3","2017","1.00","2","14"
"219","Diary of a Wimpy Kid","movie","peliculas, comedia","AMBIGUO","El diario de un chico en apuros","Diary of a Wimpy Kid","2010","1.00","1","11"
"220","Diary of a Wimpy Kid: Rodrick Rules","movie","peliculas, comedia","AMBIGUO","El diario de un chico en apuros 2: Las reglas de Rodrick","Diary of a Wimpy Kid: Rodrick Rules","2011","1.00","1","6"
"221","Die Hard","movie","peliculas, accion","AMBIGUO","Duro de matar","Die Hard","1988","1.00","1","21"
"222","Divergent","movie","peliculas, accion, cienciaficcion, romance","AMBIGUO","Divergente","Divergent","2014","1.00","1","16"
"223","Doctor Strange","movie","peliculas, accion, cienciaficcion","AMBIGUO","Doctor Strange: Hechicero supremo","Doctor Strange","2016","1.00","1","30"
"224","Don't Breathe","movie","peliculas, terror, accion","AMBIGUO","No respires","Don't Breathe","2016","1.00","3","12"
"225","Doom Patrol","tv","series, accion, comedia","AMBIGUO","Doom Patrol","Doom Patrol","2019","1.00","1","23"
"226","Dororo","tv","anime, accion, drama","AMBIGUO","Dororo","どろろ","2019","1.00","2","16"
"227","Dragon Ball Z","tv","anime, accion","AMBIGUO","Dragon Ball Z","ドラゴンボールゼット","1989","1.00","2","76"
"228","Dumbo","movie","peliculas, drama","AMBIGUO","Dumbo","Dumbo","2019","1.00","1","9"
"229","Dune","movie","peliculas, cienciaficcion, accion, drama","AMBIGUO","Duna","Dune","2021","1.00","1","37"
"230","Dunkirk","movie","peliculas, drama, accion","AMBIGUO","Dunkerque","Dunkirk","2017","1.00","1","19"
"231","Eden","movie","peliculas, drama","AMBIGUO","Eden","Eden","2025","1.00","1","12"
"232","El Juego de la Pirámide","tv","series, drama","AMBIGUO","El Juego de la Pirámide","피라미드 게임","2024","1.00","1","10"
"233","Elemental","movie","infantil, comedia, drama","AMBIGUO","Elementos","Elemental","2023","1.00","5","21"
"234","Elysium","movie","peliculas, cienciaficcion, accion","AMBIGUO","Elysium","Elysium","2013","1.00","5","11"
"235","Eternity","movie","peliculas, comedia, drama, romance","AMBIGUO","Eternidad","Eternity","2025","1.00","3","13"
"236","Everybody Hates Chris","tv","series, comedia","AMBIGUO","Todos Odian a Chris","Everybody Hates Chris","2005","1.00","1","20"
"237","Exit 8","movie","peliculas, terror, cienciaficcion","AMBIGUO","Exit 8","８番出口","2025","1.00","1","16"
"238","Fast & Furious","movie","peliculas, accion","AMBIGUO","Rápidos y Furiosos: Hobbs y Shaw","Fast & Furious Presents: Hobbs & Shaw","2019","0.55","4","18"
"239","Final Destination","movie","peliculas, terror","AMBIGUO","Destino final lazos de sangre","Final Destination Bloodlines","2025","0.74","5","25"
"240","Final Destination 3","movie","peliculas, terror","AMBIGUO","Destino Final 3","Final Destination 3","2006","1.00","2","14"
"241","Finch","movie","peliculas, drama, cienciaficcion","AMBIGUO","Finch","Finch","2021","1.00","1","8"
"242","Five Nights at Freddy's","movie","peliculas, terror","AMBIGUO","Five Nights at Freddy's","Five Nights at Freddy's","2023","1.00","2","22"
"243","Fly Me to the Moon","movie","peliculas, comedia, romance","AMBIGUO","La otra cara de la Luna","Fly Me to the Moon","2024","1.00","5","9"
"244","Frankenweenie","movie","infantil, terror, comedia","AMBIGUO","Frankenweenie","Frankenweenie","2012","1.00","1","9"
"245","Frozen","movie","infantil, comedia","AMBIGUO","Frozen: Una Aventura Congelada","Frozen","2013","1.00","1","30"
"246","Frozen II","movie","infantil, comedia","AMBIGUO","Frozen 2","Frozen II","2019","1.00","1","31"
"247","Ghost in the Shell","movie","anime, accion, cienciaficcion","AMBIGUO","Ghost in the Shell","GHOST IN THE SHELL","1995","1.00","3","17"
"248","Ghost in the Shell: Stand Alone Complex - Solid State Society","movie","anime, accion, cienciaficcion","AMBIGUO","Ghost in the Shell: Stand Alone Complex - The Laughing Man","攻殻機動隊 Stand Alone Complex The Laughing Man","2005","0.76","1","4"
"249","Ghost Stories","tv","anime, terror, comedia","AMBIGUO","Experiencias Paranormales","Celebrity Ghost Stories","2009","0.71","2","13"
"250","Ghostbusters","movie","peliculas, comedia, accion","AMBIGUO","Los Cazafantasmas","Ghostbusters","1984","1.00","2","16"
"251","Ghoul","tv","series, terror, drama","AMBIGUO","Tokyo Ghoul","東京喰種トーキョーグール","2014","0.57","1","38"
"252","Gladiator II","movie","peliculas, drama, accion","AMBIGUO","Gladiador II","Gladiator II","2024","1.00","1","19"
"253","Glass","movie","peliculas, drama","AMBIGUO","Glass","Glass","2019","1.00","1","12"
"254","Godzilla","movie","peliculas, accion, cienciaficcion","AMBIGUO","Godzilla","Godzilla","2014","1.00","2","14"
"255","Godzilla: King of the Monsters","movie","peliculas, accion, cienciaficcion","AMBIGUO","Godzilla 2: El rey de los Monstruos","Godzilla: King of the Monsters","2019","1.00","2","16"
"256","Goosebumps","tv","infantil, terror","AMBIGUO","Escalofríos","Goosebumps","1995","1.00","2","19"
"257","Gravity","movie","peliculas, cienciaficcion, drama","AMBIGUO","Gravedad","Gravity","2013","1.00","1","13"
"258","Greenland","movie","peliculas, drama, accion","AMBIGUO","El día del fin del mundo: Migración","Greenland 2: Migration","2026","0.59","3","96"
"259","Gremlins","movie","peliculas, terror, comedia","AMBIGUO","Gremlins","Gremlins","1984","1.00","1","13"
"260","Grown Ups","movie","peliculas, comedia","AMBIGUO","Son Como Niños","Grown Ups","2010","1.00","3","23"
"261","Halloween","movie","peliculas, terror","AMBIGUO","Halloween","Halloween","1978","1.00","2","16"
"262","Halloween II","movie","peliculas, terror","AMBIGUO","Halloween II","Halloween II","1981","1.00","1","8"
"263","Hannibal","movie","peliculas, terror, drama","AMBIGUO","Hannibal","Hannibal","2001","1.00","1","3"
"264","Happy Gilmore","movie","peliculas, comedia","AMBIGUO","Happy Gilmore","Happy Gilmore","1996","1.00","1","10"
"265","Harry Potter and the Deathly Hallows: Part 1","movie","peliculas, accion","AMBIGUO","Harry Potter y las reliquias de la muerte (1ª parte)","Harry Potter and the Deathly Hallows: Part 1","2010","1.00","1","38"
"266","Harry Potter and the Deathly Hallows: Part 2","movie","peliculas, accion","AMBIGUO","Harry Potter y las reliquias de la muerte (1ª parte)","Harry Potter and the Deathly Hallows: Part 1","2010","0.97","1","38"
"267","Heaven's Door","movie","peliculas, drama","AMBIGUO","Knockin' on Heaven's Door","Knockin' on Heaven's Door","1997","0.73","1","4"
"268","Hellboy","movie","peliculas, accion","AMBIGUO","Hellboy","Hellboy","2004","1.00","1","9"
"269","Hellboy II: The Golden Army","movie","peliculas, accion","AMBIGUO","Hellboy II: El Ejército Dorado","Hellboy II: The Golden Army","2008","1.00","1","11"
"270","Hereditary","movie","peliculas, terror","AMBIGUO","El legado del diablo","Hereditary","2018","1.00","1","20"
"271","Hocus Pocus","movie","peliculas, comedia","AMBIGUO","Abracadabra","Hocus Pocus","1993","1.00","2","10"
"272","Home Alone","movie","peliculas, comedia","AMBIGUO","Mi pobre angelito 4","Home Alone 4","2002","0.95","3","7"
"273","How to Train Your Dragon","movie","peliculas","AMBIGUO","Cómo entrenar a tu dragón","How to Train Your Dragon","2025","1.00","4","30"
"274","Hunter x Hunter","tv","anime, accion","AMBIGUO","Hunter x Hunter","HUNTER×HUNTER","1999","1.00","1","32"
"275","I Am Legend","movie","peliculas, drama, cienciaficcion, accion","AMBIGUO","Soy Leyenda","I Am Legend","2007","1.00","1","18"
"276","I Know What You Did Last Summer","movie","peliculas, terror","AMBIGUO","Sé lo que hicieron el verano pasado","I Know What You Did Last Summer","2025","1.00","3","11"
"277","I Spit on Your Grave","movie","peliculas, terror","AMBIGUO","Dulce Venganza","I Spit on Your Grave","2010","1.00","2","14"
"278","IF","movie","peliculas, comedia","AMBIGUO","Amigos imaginarios","IF","2024","1.00","1","14"
"279","Independence Day","movie","peliculas, accion, cienciaficcion","AMBIGUO","El Día de la Independencia","Independence Day","1996","1.00","3","15"
"280","Inside Out","movie","infantil, comedia, drama","AMBIGUO","Intensa-Mente","Inside Out","2015","1.00","5","29"
"281","Inside Out 2","movie","infantil, comedia, drama","AMBIGUO","IntensaMente 2","Inside Out 2","2024","1.00","1","31"
"282","Insurgent","movie","peliculas, accion, cienciaficcion","AMBIGUO","Divergente la serie Insurgente","Insurgent","2015","1.00","2","15"
"283","Interstellar","movie","peliculas, cienciaficcion, drama","AMBIGUO","Interestelar","Interstellar","2014","1.00","1","64"
"284","Invasion","tv","series, cienciaficcion, drama","AMBIGUO","Invasión","Invasion","2021","1.00","2","26"
"285","Invincible","tv","series, accion","AMBIGUO","INVENCIBLE","INVINCIBLE","2021","1.00","1","62"
"286","Iron Man","movie","peliculas, accion, cienciaficcion","AMBIGUO","Iron man - El hombre de hierro","Iron Man","2008","1.00","2","45"
"287","Jeepers Creepers","movie","peliculas, terror","AMBIGUO","El demonio","Jeepers Creepers","2001","1.00","4","10"
"288","Jigsaw","movie","peliculas, terror","AMBIGUO","Jigsaw: El Juego Continúa","Jigsaw","2017","1.00","5","8"
"289","John Wick","movie","peliculas, accion","AMBIGUO","John Wick 4","John Wick: Chapter 4","2023","0.89","1","28"
"290","Joker","movie","peliculas, drama","AMBIGUO","Guasón","Joker","2019","1.00","3","33"
"291","Jurassic Park","movie","peliculas, cienciaficcion, accion","AMBIGUO","Parque Jurásico","Jurassic Park","1993","1.00","1","14"
"292","Jurassic World","movie","peliculas, cienciaficcion, accion","AMBIGUO","Jurassic World: Renace","Jurassic World Rebirth","2025","0.79","1","45"
"293","Killer Elite","movie","peliculas, accion","AMBIGUO","Asesinos de Élite","Killer Elite","2011","1.00","1","8"
"294","King Kong","movie","peliculas, drama","AMBIGUO","King Kong","King Kong","1933","1.00","3","7"
"295","Leatherface","movie","peliculas, terror","AMBIGUO","Leatherface: La máscara del terror","Leatherface","2017","1.00","1","5"
"296","Leprechaun","movie","peliculas, terror, comedia","AMBIGUO","El duende maldito","Leprechaun","1993","1.00","3","4"
"297","Let's Be Cops","movie","peliculas, comedia, accion","AMBIGUO","Agentes del Desorden","Let's Be Cops","2014","1.00","1","12"
"298","Life of Pi","movie","peliculas, drama","AMBIGUO","Una aventura extraordinaria","Life of Pi","2012","1.00","1","14"
"299","Lilo & Stitch","movie","infantil, comedia, cienciaficcion","AMBIGUO","Lilo y Stitch","Lilo & Stitch","2025","1.00","2","26"
"300","Logan","movie","peliculas, accion, drama","AMBIGUO","Logan: Wolverine","Logan","2017","1.00","2","23"
"301","Lost Cities with Albert Lin","tv","series, documental","AMBIGUO","Lost Cities with Albert Lin","Lost Cities with Albert Lin","2019","1.00","1","3"
"302","Love & Death","tv","series, drama","AMBIGUO","Love, Death & Robots","Love, Death & Robots","2019","0.72","1","32"
"303","Luca","movie","infantil, comedia, drama","AMBIGUO","Luca","Luca","2021","1.00","4","13"
"304","Mad Max Beyond Thunderdome","movie","peliculas, accion, cienciaficcion","AMBIGUO","Mad Max 3: Más Allá de la Cúpula del Trueno","Mad Max Beyond Thunderdome","1985","1.00","1","11"
"305","Masters of the Universe","movie","peliculas, accion, cienciaficcion","AMBIGUO","Amos del Universo","Masters of the Universe","2026","1.00","1","99"
"306","Me Before You","movie","peliculas, drama, romance","AMBIGUO","Yo Antes de Ti","Me Before You","2016","1.00","2","19"
"307","Medium","movie","peliculas, terror, drama","AMBIGUO","La médium","ร่างทรง","2021","1.00","2","10"
"308","Men in Black","movie","peliculas, comedia, accion, cienciaficcion","AMBIGUO","Hombres de negro","Men in Black","1997","1.00","3","17"
"309","Migration","movie","infantil, comedia","AMBIGUO","El día del fin del mundo: Migración","Greenland 2: Migration","2026","0.59","4","96"
"310","Minions","movie","infantil, comedia","AMBIGUO","Minions & Monstruos","Minions & Monsters","2026","0.63","1","189"
"311","Minions & Monsters","movie","infantil, comedia","AMBIGUO","Minions & Monstruos","Minions & Monsters","2026","1.00","1","189"
"312","Mission: Impossible","movie","peliculas, accion","AMBIGUO","Misión: Imposible - La sentencia final","Mission: Impossible - The Final Reckoning","2025","0.68","3","39"
"313","Mission: Impossible II","movie","peliculas, accion","AMBIGUO","Misión: Imposible 2","Mission: Impossible II","2000","1.00","1","16"
"314","Mob Psycho 100","tv","anime, accion, comedia","AMBIGUO","Mob Psycho 100","モブサイコ100","2016","1.00","1","33"
"315","Monster High","tv","infantil, comedia","AMBIGUO","Monster High","Monster High","2010","1.00","1","16"
"316","Monster Hunter","movie","peliculas, accion, cienciaficcion","AMBIGUO","Monster Hunter: La cacería comienza","Monster Hunter","2020","1.00","2","8"
"317","Monsters, Inc.","movie","infantil, comedia","AMBIGUO","Monsters, Inc.","Monsters, Inc.","2001","1.00","1","34"
"318","Moonfall","movie","peliculas, accion, cienciaficcion","AMBIGUO","Moonfall","Moonfall","2022","1.00","1","9"
"319","Mulan","movie","infantil, accion, drama","AMBIGUO","Mulán","Mulan","1998","1.00","2","21"
"320","Muppet Babies","tv","infantil, comedia","AMBIGUO","Muppet Babies","Muppet Babies","2018","1.00","2","23"
"321","Napoleon","movie","peliculas, drama, accion","AMBIGUO","Napoleón","Napoleon","2023","1.00","3","13"
"322","New Amsterdam","tv","series, drama","AMBIGUO","New Amsterdam","New Amsterdam","2018","1.00","1","37"
"323","Nope","movie","peliculas, terror, cienciaficcion","AMBIGUO","¡Nop!","Nope","2022","1.00","1","15"
"324","Nosferatu","movie","peliculas, terror","AMBIGUO","Nosferatu","Nosferatu","2024","1.00","2","18"
"325","Novocaine","movie","peliculas, comedia, accion","AMBIGUO","Novocaine sin dolor","Novocaine","2025","1.00","2","10"
"326","Obsession","movie","peliculas, terror","AMBIGUO","Obsesión","Obsession","2026","1.00","2","264"
"327","One Piece","tv","anime, accion, comedia","AMBIGUO","ONE PIECE","ONE PIECE","2023","1.00","3","29"
"328","Only Yesterday","movie","anime, drama, romance","AMBIGUO","Only Yesterday","Only Yesterday","1933","1.00","2","2"
"329","Oppenheimer","movie","peliculas, drama","AMBIGUO","Oppenheimer","Oppenheimer","2023","1.00","1","46"
"330","Paranormal Activity","movie","peliculas, terror","AMBIGUO","Actividad Paranormal","Paranormal Activity","2007","1.00","3","10"
"331","Paranormal Activity 3","movie","peliculas, terror","AMBIGUO","Actividad Paranormal 3","Paranormal Activity 3","2011","1.00","1","8"
"332","Paul Blart: Mall Cop","movie","peliculas, comedia, accion","AMBIGUO","Héroe De Centro Comercial 2","Paul Blart: Mall Cop 2","2015","0.94","1","8"
"333","Peacemaker","tv","series, accion, comedia","AMBIGUO","Peacemaker","Peacemaker","2022","1.00","2","36"
"334","Peaky Blinders","tv","series, drama","AMBIGUO","Peaky Blinders","Peaky Blinders","2013","1.00","1","76"
"335","Penguins of Madagascar","movie","infantil, comedia","AMBIGUO","Los Pingüinos de Madagascar","Penguins of Madagascar","2014","1.00","1","27"
"336","Perfect Blue","movie","anime","AMBIGUO","PERFECT BLUE","PERFECT BLUE","1998","1.00","3","18"
"337","Pet Sematary","movie","peliculas, terror, drama","AMBIGUO","Cementerio de animales","Pet Sematary","2019","1.00","2","9"
"338","Peter Pan","movie","infantil, comedia, accion","AMBIGUO","Peter Pan: La gran aventura","Peter Pan","2003","1.00","3","8"
"339","Pinocchio","movie","infantil, drama","AMBIGUO","Pinocho: Sin cuerdas","Pinocchio: Unstrung","2026","0.67","5","147"
"340","Pitch Perfect","movie","peliculas, comedia","AMBIGUO","Notas perfectas","Pitch Perfect","2012","1.00","4","9"
"341","Planet of the Apes","movie","peliculas, cienciaficcion, accion","AMBIGUO","El planeta de los simios","Planet of the Apes","1968","1.00","1","12"
"342","Pluto","tv","anime, cienciaficcion, drama","AMBIGUO","Pluto","PLUTO","2023","1.00","1","18"
"343","Poltergeist","movie","peliculas, terror","AMBIGUO","Poltergeist: Juegos diabólicos","Poltergeist","2015","1.00","3","8"
"344","Predator","movie","peliculas, accion, cienciaficcion, terror","AMBIGUO","Depredador: Tierras salvajes","Predator: Badlands","2025","0.61","3","42"
"345","Predators","movie","peliculas, accion, cienciaficcion, terror","AMBIGUO","Depredadores","Predators","2010","1.00","3","14"
"346","Prehistoric Planet","tv","series, documental","AMBIGUO","Planeta prehistórico","Prehistoric Planet","2022","1.00","1","17"
"347","Prey","movie","peliculas, accion, cienciaficcion, terror","AMBIGUO","Depredador: La presa","Prey","2022","1.00","4","14"
"348","Princess Mononoke","movie","anime, accion, drama","AMBIGUO","Princess Mononoke: Making of a Masterpiece","Princess Mononoke: Making of a Masterpiece","2004","0.67","1","1"
"349","Prometheus","movie","peliculas, cienciaficcion, terror","AMBIGUO","Prometeo","Prometheus","2012","1.00","3","17"
"350","Radical","movie","peliculas, drama","AMBIGUO","Radical","Radical","2023","1.00","1","6"
"351","Ragnarok","tv","series, cienciaficcion, drama, accion","AMBIGUO","Ragnarok","Ragnarok","2020","1.00","1","11"
"352","Raised by Wolves","tv","series, cienciaficcion, drama","AMBIGUO","Raised by Wolves","Raised by Wolves","2020","1.00","1","13"
"353","Red Dragon","movie","peliculas, terror, drama","AMBIGUO","Dragón Rojo","Red Dragon","2002","1.00","2","3"
"354","Reset","tv","series, drama, cienciaficcion","AMBIGUO","La chica nueva: El reinicio","เด็กใหม่ The Reset","2026","1.00","4","8"
"355","Resident Evil","movie","peliculas, terror, accion, cienciaficcion","AMBIGUO","Resident Evil: Noche cero","Resident Evil","2026","1.00","1","13"
"356","Resident Evil: Apocalypse","movie","peliculas, terror, accion, cienciaficcion","AMBIGUO","Resident Evil: Apocalipsis","Resident Evil: Apocalypse","2004","1.00","1","9"
"357","Risen","movie","peliculas, drama","AMBIGUO","La resurrección de Cristo","Risen","2016","1.00","4","6"
"358","Robin Hood","movie","infantil, comedia, accion","AMBIGUO","La muerte de Robin Hood","The Death of Robin Hood","2026","0.75","3","133"
"359","Robin Hood","tv","series, drama, accion, romance","AMBIGUO","Robin Hood","Robin Hood","2025","1.00","2","12"
"360","Robots","movie","infantil, comedia, cienciaficcion","AMBIGUO","Robots","Robots","2005","1.00","4","13"
"361","Rocky II","movie","peliculas, drama, accion","AMBIGUO","Rocky II","Rocky II","1979","1.00","1","11"
"362","Rocky V","movie","peliculas, drama, accion","AMBIGUO","Rocky V","Rocky V","1990","1.00","1","9"
"363","Room","movie","peliculas, drama","AMBIGUO","La Habitación.","Room","2015","1.00","1","7"
"364","Rush Hour","movie","peliculas, comedia, accion","AMBIGUO","Una pareja explosiva","Rush Hour","1998","1.00","5","19"
"365","Save Me","tv","series, drama, terror","AMBIGUO","Save Me","Save Me","2018","1.00","4","6"
"366","Saw II","movie","peliculas, terror","AMBIGUO","El juego del miedo 2","Saw II","2005","1.00","1","11"
"367","Saw V","movie","peliculas, terror","AMBIGUO","El juego del miedo 5","Saw V","2008","1.00","1","8"
"368","Scarface","movie","peliculas, drama, accion","AMBIGUO","Caracortada","Scarface","1983","1.00","2","24"
"369","Scary Movie","movie","peliculas, terror, comedia","AMBIGUO","Scary Movie: Terroríficamente incorrecta","Scary Movie","2026","1.00","5","109"
"370","Scream","movie","peliculas, terror","AMBIGUO","Scream: Grita antes de morir","Scream","1996","1.00","1","18"
"371","Shadow Force","movie","peliculas, accion","AMBIGUO","Shadow Force: Sentencia de muerte","Shadow Force","2025","1.00","1","6"
"372","Sherlock Holmes","movie","peliculas, accion","AMBIGUO","Sherlock Holmes","Sherlock Holmes","2009","1.00","1","13"
"373","Sicario","movie","peliculas, drama, accion","AMBIGUO","Sicario: Tierra de nadie","Sicario","2015","1.00","1","20"
"374","Silent Hill","movie","peliculas, terror","AMBIGUO","Terror en Silent Hill: Regreso al infierno","Return to Silent Hill","2026","0.64","1","21"
"375","Sinister","movie","peliculas, terror","AMBIGUO","Siniestro","Sinister","2012","1.00","2","15"
"376","Sinners","movie","peliculas, terror, drama","AMBIGUO","Pecadores","Sinners","2025","1.00","4","32"
"377","Sleepy Hollow","movie","peliculas, terror","AMBIGUO","La Leyenda del Jinete Sin Cabeza","Sleepy Hollow","1999","1.00","3","14"
"378","Smile","movie","peliculas, terror","AMBIGUO","Sonríe","Smile","2022","1.00","3","15"
"379","Snow White and the Seven Dwarfs","movie","infantil, drama","AMBIGUO","Blanca Nieves y los siete enanos","Snow White and the Seven Dwarfs","1938","1.00","3","25"
"380","Solo Leveling","tv","anime, accion, cienciaficcion","AMBIGUO","Solo Leveling","俺だけレベルアップな件","2024","1.00","1","54"
"381","Sonic the Hedgehog","movie","peliculas, comedia, accion","AMBIGUO","Sonic: La película","Sonic the Hedgehog","2020","1.00","3","21"
"382","Sound of Freedom","movie","peliculas, drama, accion","AMBIGUO","Sonido de Libertad","Sound of Freedom","2023","1.00","2","10"
"383","Spaceman","movie","peliculas, cienciaficcion, drama","AMBIGUO","El astronauta","Spaceman","2024","1.00","5","7"
"384","Species II","movie","peliculas, terror, cienciaficcion","AMBIGUO","Especies II","Species II","1998","1.00","1","7"
"385","Spider-Man","movie","peliculas, accion, cienciaficcion","AMBIGUO","Spider-Man: Un nuevo día","Spider-Man: Brand New Day","2026","0.64","1","1258"
"386","Spirited Away","movie","anime, cienciaficcion, drama","AMBIGUO","Uncovering Spirited Away","Uncovering Spirited Away","2024","0.71","1","1"
"387","Split","movie","peliculas, terror, drama","AMBIGUO","Fragmentado","Split","2017","1.00","2","15"
"388","Star Trek: First Contact","movie","peliculas, accion, cienciaficcion","AMBIGUO","Viaje a las estrellas VIII: Primer Contacto","Star Trek: First Contact","1996","1.00","1","10"
"389","Starship Troopers","movie","peliculas, accion, cienciaficcion","AMBIGUO","Invasión","Starship Troopers","1997","1.00","1","13"
"390","Stranger","tv","series, drama, accion","AMBIGUO","Stranger Things","Stranger Things","2016","0.70","2","110"
"391","Superman","movie","peliculas, accion, cienciaficcion","AMBIGUO","Superman","Superman","2025","1.00","1","37"
"392","Swamp Thing","tv","series, terror, drama","AMBIGUO","La cosa del pantano","Swamp Thing","2019","1.00","2","11"
"393","Sweeney Todd: The Demon Barber of Fleet Street","movie","peliculas, drama, terror","AMBIGUO","Sweeney Todd: El Barbero Demoniaco","Sweeney Todd: The Demon Barber of Fleet Street","2007","1.00","4","11"
"394","Sweet Home","tv","series, terror, accion","AMBIGUO","Home Sweet Home","Home Sweet Home","1980","0.90","2","2"
"395","Talk to Me","movie","peliculas, terror","AMBIGUO","Háblame","Talk to Me","2023","1.00","4","14"
"396","Tall Girl","movie","peliculas, comedia, romance","AMBIGUO","A mi altura","Tall Girl","2019","1.00","2","5"
"397","Terminator 2: Judgment Day","movie","peliculas, cienciaficcion, accion","AMBIGUO","Terminator 2: El juicio final","Terminator 2: Judgment Day","1991","1.00","1","36"
"398","Terrifier","movie","peliculas, terror","AMBIGUO","Terrifier","Terrifier","2018","1.00","4","10"
"399","Tesla","movie","peliculas, drama","AMBIGUO","Tesla","Tesla","2020","1.00","4","4"
"400","That's My Boy","movie","peliculas, comedia","AMBIGUO","Ése es mi hijo","That's My Boy","2012","1.00","4","9"
"401","The 100","tv","series, cienciaficcion, drama, accion","AMBIGUO","Los 100","The 100","2014","1.00","1","67"
"402","The Amazing Spider-Man","movie","peliculas, accion, cienciaficcion","AMBIGUO","El Sorprendente Hombre-Araña","The Amazing Spider-Man","2012","1.00","1","57"
"403","The Amazing Spider-Man 2","movie","peliculas, accion, cienciaficcion","AMBIGUO","El Sorprendente Hombre-Araña 2: La Amenaza de Electro","The Amazing Spider-Man 2","2014","1.00","1","45"
"404","The Avengers","movie","peliculas, accion, cienciaficcion","AMBIGUO","Avengers: Los Vengadores","The Avengers","2012","1.00","2","79"
"405","The Black Phone","movie","peliculas, terror","AMBIGUO","El teléfono negro","The Black Phone","2022","1.00","1","13"
"406","The Blair Witch Project","movie","peliculas, terror","AMBIGUO","El proyecto de la bruja de Blair","The Blair Witch Project","1999","1.00","1","13"
"407","The Boogeyman","movie","peliculas, terror","AMBIGUO","Beware the Boogeyman","Beware the Boogeyman","2024","0.70","4","6"
"408","The Conjuring","movie","peliculas, terror","AMBIGUO","El Conjuro","The Conjuring","2013","1.00","1","32"
"409","The Count of Monte Cristo","movie","peliculas, drama, accion","AMBIGUO","El Conde de Montecristo","The Count of Monte Cristo","2002","1.00","5","14"
"410","The Creator","movie","peliculas, cienciaficcion, accion","AMBIGUO","Resistencia","The Creator","2023","1.00","4","15"
"411","The Dark Knight","movie","peliculas, accion, drama","AMBIGUO","Batman: El caballero de la noche","The Dark Knight","2008","1.00","1","57"
"412","The Departed","movie","peliculas, drama","AMBIGUO","Los Infiltrados","The Departed","2006","1.00","1","25"
"413","The Fast and the Furious","movie","peliculas, accion","AMBIGUO","Rápido y furioso","The Fast and the Furious","2001","1.00","1","2"
"414","The Flash","tv","series, accion, cienciaficcion","AMBIGUO","Flash","The Flash","2014","1.00","2","97"
"415","The Flash","movie","peliculas, accion, cienciaficcion","AMBIGUO","Flash","The Flash","2023","1.00","2","18"
"416","The Fox and the Hound","movie","infantil, drama","AMBIGUO","El Zorro y el Sabueso","The Fox and the Hound","1981","1.00","1","12"
"417","The Garfield Movie","movie","peliculas, comedia","AMBIGUO","Garfield: Fuera de casa","The Garfield Movie","2024","1.00","1","18"
"418","The Godfather","movie","peliculas, drama","AMBIGUO","El Padrino","The Godfather","1972","1.00","1","58"
"419","The Godfather Part II","movie","peliculas, drama","AMBIGUO","El Padrino II","The Godfather Part II","1974","1.00","2","34"
"420","The Hangover","movie","peliculas, comedia","AMBIGUO","¿Qué Pasó Ayer?","The Hangover","2009","1.00","1","22"
"421","The Hangover Part II","movie","peliculas, comedia","AMBIGUO","¿Qué Pasó Ayer? Parte II","The Hangover Part II","2011","1.00","1","19"
"422","The Hills Have Eyes","movie","peliculas, terror","AMBIGUO","El despertar del diablo","The Hills Have Eyes","2006","1.00","3","12"
"423","The Hills Have Eyes 2","movie","peliculas, terror","AMBIGUO","El despertar del diablo 2","The Hills Have Eyes 2","2007","1.00","1","7"
"424","The Hunger Games: Mockingjay Part 1","movie","peliculas, cienciaficcion, accion, drama","AMBIGUO","Los juegos del hambre: Sinsajo - Parte 1","The Hunger Games: Mockingjay - Part 1","2014","1.00","1","19"
"425","The Incredible Hulk","movie","peliculas, accion, cienciaficcion","AMBIGUO","Hulk: El hombre increíble","The Incredible Hulk","2008","1.00","1","37"
"426","The Incredibles","movie","infantil, accion, comedia","AMBIGUO","Los increíbles","The Incredibles","2004","1.00","1","25"
"427","The IT Crowd","tv","series, comedia","AMBIGUO","The IT Crowd","The IT Crowd","2006","1.00","1","18"
"428","The Kissing Booth","movie","peliculas, comedia, romance","AMBIGUO","El stand de los besos","The Kissing Booth","2018","1.00","2","9"
"429","The Lion King","movie","infantil, drama","AMBIGUO","El rey león","The Lion King","1994","1.00","1","34"
"430","The Magicians","tv","series, drama","AMBIGUO","Magicians","The Magicians","2015","1.00","1","23"
"431","The Menu","movie","peliculas, terror, comedia, drama","AMBIGUO","El menú","The Menu","2022","1.00","1","17"
"432","The Monkey King","movie","infantil, comedia","AMBIGUO","El Rey Mono","The Monkey King","2023","1.00","2","7"
"433","The Nun","movie","peliculas, terror","AMBIGUO","La monja","The Nun","2018","1.00","1","16"
"434","The Nun II","movie","peliculas, terror","AMBIGUO","La monja II","The Nun II","2023","1.00","1","14"
"435","The Pacific","tv","series, drama","AMBIGUO","The Pacific","The Pacific","2010","1.00","1","18"
"436","The Platform","movie","peliculas, terror, cienciaficcion, drama","AMBIGUO","Laibach: The Platform","Laibach: The Platform","2003","0.67","1","1"
"437","The Pope's Exorcist","movie","peliculas, terror","AMBIGUO","El Exorcista del Papa","The Pope's Exorcist","2023","1.00","1","14"
"438","The Seven Deadly Sins","tv","anime, accion","AMBIGUO","The Seven Deadly Sins: Los cuatro jinetes del apocalipsis","七つの大罪 黙示録の四騎士","2023","0.57","1","20"
"439","The Shape of Water","movie","peliculas, drama, romance, cienciaficcion","AMBIGUO","La forma del agua","The Shape of Water","2017","1.00","1","17"
"440","The Social Network","movie","peliculas, drama","AMBIGUO","Red Social","The Social Network","2010","1.00","1","17"
"441","The Terminator","movie","peliculas, cienciaficcion, accion","AMBIGUO","Terminator: El exterminador","The Terminator","1984","1.00","1","28"
"442","The Texas Chain Saw Massacre","movie","peliculas, terror","AMBIGUO","La masacre de Texas","The Texas Chain Saw Massacre","1974","1.00","2","12"
"443","The Texas Chainsaw Massacre","movie","peliculas, terror","AMBIGUO","La masacre de Texas","The Texas Chainsaw Massacre","2003","1.00","3","12"
"444","The Transporter","movie","peliculas, accion","AMBIGUO","El Transportador","The Transporter","2002","1.00","2","14"
"445","The Twilight Saga: Breaking Dawn - Part 1","movie","peliculas, drama, romance","AMBIGUO","Crepúsculo:  Amanecer - Parte 1","The Twilight Saga: Breaking Dawn - Part 1","2011","1.00","1","14"
"446","The Twilight Saga: Breaking Dawn - Part 2","movie","peliculas, drama, romance","AMBIGUO","Crepúsculo:  Amanecer - Parte 1","The Twilight Saga: Breaking Dawn - Part 1","2011","0.97","1","14"
"447","The Watchers","movie","peliculas, terror","AMBIGUO","Observados","The Watchers","2024","1.00","4","13"
"448","The Whale","movie","peliculas, drama","AMBIGUO","La Ballena","The Whale","2022","1.00","2","15"
"449","The Wolf of Wall Street","movie","peliculas, drama, comedia","AMBIGUO","El Lobo de Wall Street","The Wolf of Wall Street","2013","1.00","2","36"
"450","The Wonderful Wizard of Oz","movie","peliculas","AMBIGUO","The Wonderful Wizard of Oz","The Wonderful Wizard of Oz","1987","1.00","4","1"
"451","Together","movie","peliculas, terror","AMBIGUO","Together: Juntos hasta la muerte","Together","2025","1.00","2","11"
"452","Togo","movie","peliculas, drama","AMBIGUO","Togo: La verdadera historia","Togo","2019","1.00","1","6"
"453","Top Gun","movie","peliculas, drama, accion, romance","AMBIGUO","Top Gun: Pasión y gloria","Top Gun","1986","1.00","1","21"
"454","Toy Story","movie","infantil, comedia","AMBIGUO","Toy Story","Toy Story","1995","1.00","4","39"
"455","Toy Story 4","movie","infantil, comedia","AMBIGUO","Toy Story 4","Toy Story 4","2019","1.00","1","25"
"456","Transformers","movie","peliculas, accion, cienciaficcion","AMBIGUO","Transformers Uno","Transformers One","2024","0.85","1","14"
"457","Twilight","movie","peliculas, drama, romance","AMBIGUO","Crepúsculo","Twilight","2008","1.00","2","23"
"458","Unbreakable","movie","peliculas, drama","AMBIGUO","El protegido","Unbreakable","2000","1.00","3","11"
"459","Uncharted","movie","peliculas, accion","AMBIGUO","Uncharted: Fuera del mapa","Uncharted","2022","1.00","2","17"
"460","Underwater","movie","peliculas, terror, cienciaficcion","AMBIGUO","Amenaza en lo profundo","Underwater","2020","1.00","3","13"
"461","Underworld","movie","peliculas, accion, terror","AMBIGUO","Inframundo","Underworld","2003","1.00","1","11"
"462","Vacation Friends","movie","peliculas, comedia","AMBIGUO","Amigos de las vacaciones","Vacation Friends","2021","1.00","1","6"
"463","Vanquish","movie","peliculas, accion","AMBIGUO","Otra forma de vencer","Vanquish","2021","1.00","1","4"
"464","Venom","movie","peliculas, accion, cienciaficcion","AMBIGUO","Venom","Venom","2018","1.00","3","23"
"465","Vikings","tv","series, drama, accion","AMBIGUO","Vikings","Vikings","2013","1.00","1","99"
"466","Vis a Vis","tv","series, drama","AMBIGUO","Vis a vis","Vis a vis","2015","1.00","1","16"
"467","Voice","tv","series, accion, drama, terror","AMBIGUO","La voz de América","The Voice","2011","1.00","1","109"
"468","War Dogs","movie","peliculas, comedia, accion","AMBIGUO","Amigos De Armas","War Dogs","2016","1.00","2","13"
"469","War of the Worlds","movie","peliculas, accion, cienciaficcion","AMBIGUO","La guerra de los mundos","War of the Worlds","2025","1.00","3","102"
"470","Weathering","movie","peliculas, terror, drama","AMBIGUO","A la intemperie","Weathering","2023","1.00","1","2"
"471","Welcome to Earth","tv","series, documental","AMBIGUO","Bienvenidos a la Tierra","Welcome to Earth","2021","1.00","1","5"
"472","Whiplash","movie","peliculas, drama","AMBIGUO","Whiplash: Música y Obsesión","Whiplash","2014","1.00","3","32"
"473","Wicked","movie","peliculas, drama","AMBIGUO","Wicked","Wicked","2024","1.00","2","22"
"474","Willy Wonka & the Chocolate Factory","movie","peliculas, comedia","AMBIGUO","Willy Wonka y la fábrica de chocolate","Willy Wonka & the Chocolate Factory","1971","1.00","1","10"
"475","Winchester","movie","peliculas, terror, drama","AMBIGUO","La maldición de la casa de Winchester","Winchester","2018","1.00","3","6"
"476","Winnie the Pooh","movie","infantil, comedia","AMBIGUO","Winnie the Pooh: Miel y Sangre","Winnie the Pooh: Blood and Honey","2023","0.65","1","4"
"477","Wish Upon","movie","peliculas, terror","AMBIGUO","Siete deseos","Wish Upon","2017","1.00","1","5"
"478","Wolf Man","movie","peliculas, terror","AMBIGUO","Hombre lobo","Wolf Man","2025","1.00","3","9"
"479","X-Men: Dark Phoenix","movie","peliculas, accion, cienciaficcion","AMBIGUO","X-Men: Dark Phoenix","Dark Phoenix","2019","1.00","1","18"
"480","Yes Day","movie","peliculas, comedia, romance","AMBIGUO","¡Hoy sí!","YES DAY","2021","1.00","1","5"
"481","Yonder","tv","series, drama, cienciaficcion, romance","AMBIGUO","Galaxia Wander","Wander Over Yonder","2013","0.59","1","23"
"482","Yu-Gi-Oh!","tv","anime, accion","AMBIGUO","Yu Gi Oh!: Sevens","遊☆戯☆王SEVENS","2020","0.67","2","13"
"483","YuYu Hakusho","tv","anime, accion","AMBIGUO","Yu Yu Hakusho","幽☆遊☆白書","1992","0.90","1","29"
"484","Zona de riesgo","movie","peliculas, drama, accion","AMBIGUO","Zona de riesgo","Fuze","2026","1.00","2","15"
"485","Zootopia","movie","infantil, comedia, accion","AMBIGUO","Zootopia","Zootopia","2016","1.00","2","29"
"486","(500) Days of Summer","movie","peliculas, comedia, drama, romance","OK","(500) días con ella","(500) Days of Summer","2009","1.00","0","15"
"487","[REC] 3: Genesis","movie","peliculas, terror, comedia","OK","[REC] 3: El comienzo","[REC]³ Génesis","2012","1.00","0","4"
"488","10 Cloverfield Lane","movie","peliculas, terror, cienciaficcion","OK","Avenida Cloverfield 10","10 Cloverfield Lane","2016","1.00","0","15"
"489","10 Minutes Gone","movie","peliculas, accion","OK","10 Minutos Para Morir","10 Minutes Gone","2019","1.00","0","3"
"490","10,000 BC","movie","peliculas, drama, accion","OK","10.000 A.C.","10,000 BC","2008","1.00","0","8"
"491","100 Meters","movie","peliculas, drama","OK","100 metros","ひゃくえむ。","2025","0.67","0","6"
"492","101 Dalmatians","movie","infantil, comedia","OK","101 dálmatas: ¡Ahora la magia es real!","101 Dalmatians","1996","1.00","0","12"
"493","102 Dalmatians","movie","infantil, comedia","OK","102 Dálmatas","102 Dalmatians","2000","1.00","0","7"
"494","12 Years a Slave","movie","peliculas, drama","OK","12 Años de Esclavitud","12 Years a Slave","2013","1.00","0","12"
"495","127 Hours","movie","peliculas, drama","OK","127 Horas","127 Hours","2010","1.00","0","11"
"496","13 Reasons Why","tv","series, drama","OK","13 Reasons Why","13 Reasons Why","2017","1.00","0","27"
"497","1408","movie","peliculas, terror","OK","1408","1408","2007","1.00","0","10"
"498","1899","tv","series, drama, cienciaficcion","OK","1899","1899","2022","1.00","0","10"
"499","1974: La Posesión de Altair","movie","peliculas, terror","OK","1974: la posesión de Altair","1974: la posesión de Altair","2017","1.00","0","1"
"500","2 Fast 2 Furious","movie","peliculas, accion","OK","Más rápido, más furioso","2 Fast 2 Furious","2003","1.00","0","3"
"501","2012","movie","peliculas, accion, cienciaficcion","OK","2012","2012","2009","1.00","0","22"
"502","28 Days Later","movie","peliculas, terror, cienciaficcion","OK","Exterminio","28 Days Later","2002","1.00","0","17"
"503","28 Weeks Later","movie","peliculas, terror, cienciaficcion","OK","Exterminio 2","28 Weeks Later","2007","1.00","0","12"
"504","28 Years Later","movie","peliculas, terror, cienciaficcion","OK","Exterminio: La evolución","28 Years Later","2025","1.00","0","23"
"505","3 A.M. Part 2","movie","peliculas, terror","OK","3 A.M.: Parte 2","ตีสาม คืนสาม 3D","2014","0.84","0","3"
"506","300: Rise of an Empire","movie","peliculas, drama, accion","OK","300: El Nacimiento de un Imperio","300: Rise of an Empire","2014","1.00","0","16"
"507","31 Minutos","tv","infantil, comedia","OK","31 Minutos","31 Minutos","2003","1.00","0","9"
"508","4 Mitades","movie","peliculas, comedia, romance","OK","4 mitades","4 metà","2022","1.00","0","2"
"509","4 Wedding Planners","movie","peliculas, comedia, romance","OK","4 Wedding Planners","4 Wedding Planners","2011","1.00","0","1"
"510","42","movie","peliculas, drama","OK","42: La verdadera historia de una leyenda americana","42","2013","1.00","0","9"
"511","42 to 1","movie","peliculas, drama","OK","42 to 1","42 to 1","2018","1.00","0","1"
"512","47 Ronin","movie","peliculas, accion","OK","47 Ronin: La Leyenda del Samurái","47 Ronin","2013","1.00","0","9"
"513","50 First Dates","movie","peliculas, comedia, drama, romance","OK","Como si fuera la primera vez","50 First Dates","2004","1.00","0","11"
"514","7 Prisoners","movie","peliculas, drama","OK","7 Prisioneros","7 Prisioneiros","2021","0.73","0","2"
"515","7th & Union","movie","peliculas, drama","OK","Unión y lucha","7th & Union","2021","1.00","0","1"
"516","8 Mile","movie","peliculas, drama","OK","8 Mile: Calle de ilusiones","8 Mile","2002","1.00","0","11"
"517","8-Bit Christmas","movie","peliculas, comedia","OK","Navidad en 8 Bits","8-Bit Christmas","2021","1.00","0","5"
"518","86","tv","anime, accion, cienciaficcion, drama","OK","86: Eighty-Six","８６―エイティシックス―","2021","1.00","0","23"
"519","93 Days","movie","peliculas, drama","OK","93 días","93 Days","2016","1.00","0","1"
"520","A Bug's Life","movie","infantil, comedia","OK","Bichos: Una Aventura en Miniatura","A Bug's Life","1998","1.00","0","17"
"521","A Classic Horror Story","movie","peliculas, terror","OK","La clásica historia de terror","A Classic Horror Story","2021","1.00","0","5"
"522","A Good Day to Die Hard","movie","peliculas, accion","OK","Duro de matar: Un buen día para morir","A Good Day to Die Hard","2013","1.00","0","11"
"523","A Goofy Movie","movie","infantil, comedia","OK","Goofy, la película","A Goofy Movie","1995","1.00","0","10"
"524","A Knight of the Seven Kingdoms: The Hedge Knight","tv","series, drama, accion","OK","El caballero de los Siete Reinos","A Knight of the Seven Kingdoms","2026","0.85","0","40"
"525","A la Mala","movie","peliculas, comedia, romance","OK","A La Mala","A la mala","2015","1.00","0","1"
"526","A Minecraft Movie","movie","peliculas, comedia","OK","Una película de Minecraft","A Minecraft Movie","2025","1.00","0","32"
"527","A Nice Girl Like You","movie","peliculas, comedia, romance","OK","Una buena chica","A Nice Girl Like You","2020","1.00","0","4"
"528","A Nightmare on Elm Street 3: Dream Warriors","movie","peliculas, terror","OK","Pesadilla en la calle del infierno 3","A Nightmare on Elm Street 3: Dream Warriors","1987","1.00","0","4"
"529","A Nightmare on Elm Street 4: The Dream Master","movie","peliculas, terror","OK","Pesadilla en la calle del infierno 4: El amo de los sueños","A Nightmare on Elm Street 4: The Dream Master","1988","1.00","0","7"
"530","A Nightmare on Elm Street 5: The Dream Child","movie","peliculas, terror","OK","Pesadilla en la calle del infierno 5: Ha nacido el hijo de Freddy","A Nightmare on Elm Street: The Dream Child","1989","0.97","0","7"
"531","A Nightmare on Elm Street Part 2: Freddy's Revenge","movie","peliculas, terror","OK","Pesadilla en la calle del infierno 2","A Nightmare on Elm Street Part 2: Freddy's Revenge","1985","1.00","0","8"
"532","A Quiet Place: Day One","movie","peliculas, terror, cienciaficcion","OK","Un lugar en silencio: Día uno","A Quiet Place: Day One","2024","1.00","0","15"
"533","Ace Ventura Jr.: Pet Detective","movie","peliculas, comedia","OK","Ace Ventura Jr.: Detective de mascotas","Ace Ventura Jr: Pet Detective","2009","1.00","0","3"
"534","Adolescence","tv","series, drama","OK","Adolescencia","Adolescence","2025","1.00","0","13"
"535","Adventure Time: Distant Lands","tv","infantil, drama","OK","Hora De Aventura: Tierras Lejanas","Adventure Time: Distant Lands","2020","1.00","0","10"
"536","Adventure Time: Fionna and Cake","tv","infantil, comedia","OK","Hora de Aventura con Fionna & Cake","Adventure Time: Fionna and Cake","2023","1.00","0","34"
"537","Afterlife of the Party","movie","peliculas, comedia","OK","Más allá de la fiesta","Afterlife of the Party","2021","1.00","0","3"
"538","Aggretsuko","tv","anime, comedia, drama","OK","Aggretsuko","アグレッシブ烈子","2018","1.00","0","8"
"539","Ahsoka","tv","series, cienciaficcion, accion","OK","Ahsoka","Ahsoka","2023","1.00","0","25"
"540","Alien: Covenant","movie","peliculas, terror, cienciaficcion","OK","Alien: Covenant","Alien: Covenant","2017","1.00","0","21"
"541","Alien: Resurrection","movie","peliculas, terror, cienciaficcion","OK","Alien: La resurrección","Alien Resurrection","1997","1.00","0","12"
"542","Alien: Romulus","movie","peliculas, terror, cienciaficcion","OK","Alien: Romulus","Alien: Romulus","2024","1.00","0","19"
"543","Aliens vs. Predator: Requiem","movie","peliculas, terror, cienciaficcion, accion","OK","Alien vs. Depredador 2","Aliens vs Predator: Requiem","2007","1.00","0","14"
"544","All the Places","movie","peliculas, comedia, drama","OK","Violet y Finch","All the Bright Places","2020","0.72","0","6"
"545","Allegiant","movie","peliculas, accion, cienciaficcion","OK","Divergente la serie: Leal","Allegiant","2016","1.00","0","12"
"546","Alvin and the Chipmunks: Chipwrecked","movie","peliculas, comedia","OK","Alvin y las Ardillas 3","Alvin and the Chipmunks: Chipwrecked","2011","1.00","0","8"
"547","Alvin and the Chipmunks: The Road Chip","movie","peliculas, comedia","OK","Alvin y las Ardillas: Aventura sobre ruedas","Alvin and the Chipmunks: The Road Chip","2015","1.00","0","9"
"548","Alvin and the Chipmunks: The Squeakquel","movie","peliculas, comedia","OK","Alvin y las Ardillas 2","Alvin and the Chipmunks: The Squeakquel","2009","1.00","0","9"
"549","American Horror House","movie","peliculas, terror","OK","American Horror House","American Horror House","2012","1.00","0","2"
"550","American Horror Story","tv","series, terror","OK","American Horror Story","American Horror Story","2011","1.00","0","99"
"551","Among Us","tv","series, comedia, cienciaficcion","OK","Among Us","Among Us","2026","1.00","0","10"
"552","An Extremely Goofy Movie","movie","infantil, comedia","OK","Extremadamente Goofy","An Extremely Goofy Movie","2000","1.00","0","7"
"553","Andor","tv","series, cienciaficcion, accion","OK","Andor","Andor","2022","1.00","0","33"
"554","Annabelle Comes Home","movie","peliculas, terror","OK","Annabelle 3: Viene a casa","Annabelle Comes Home","2019","1.00","0","14"
"555","Annabelle: Creation","movie","peliculas, terror","OK","Annabelle 2: La Creación","Annabelle: Creation","2017","1.00","0","14"
"556","Ant-Man","movie","peliculas, accion, comedia","OK","Ant-Man: El hombre Hormiga","Ant-Man","2015","1.00","0","23"
"557","Ant-Man and the Wasp","movie","peliculas, accion, comedia","OK","Ant-Man 2: La Avispa","Ant-Man and the Wasp","2018","1.00","0","24"
"558","Ant-Man and the Wasp: Quantumania","movie","peliculas, accion, comedia","OK","Ant-Man and the Wasp: Quantumania","Ant-Man and the Wasp: Quantumania","2023","1.00","0","19"
"559","Apartment 1303","movie","peliculas, terror","OK","Apartamento 1303","Apartment 1303 3D","2012","0.90","0","2"
"560","Artemis Fowl","movie","peliculas","OK","Artemis Fowl: El mundo subterráneo","Artemis Fowl","2020","1.00","0","6"
"561","Así Crecí","movie","peliculas, comedia, drama","OK","Así Crecí","Así Crecí","2021","1.00","0","1"
"562","Assassin's Creed","movie","peliculas, accion","OK","Assassin's Creed","Assassin's Creed","2016","1.00","0","9"
"563","Assault on Wall Street","movie","peliculas, drama, accion","OK","Asalto en Wall Street","Assault on Wall Street","2013","1.00","0","7"
"564","Astronaut: The Last Push","movie","peliculas, cienciaficcion, drama","OK","Astronaut: The Last Push","Astronaut: The Last Push","2012","1.00","0","2"
"565","Atlantis: Milo's Return","movie","infantil","OK","Atlantis: El Regreso de Milo","Atlantis: Milo's Return","2003","1.00","0","8"
"566","Atlantis: The Lost Empire","movie","infantil, cienciaficcion","OK","Atlantis: El imperio perdido","Atlantis: The Lost Empire","2001","1.00","0","12"
"567","Attack on Titan","tv","anime, accion, drama","OK","Attack on Titan","進撃の巨人","2013","1.00","0","36"
"568","Avatar","movie","peliculas, cienciaficcion, accion","OK","Avatar","Avatar","2009","1.00","0","37"
"569","Avatar: Fire and Ash","movie","peliculas, cienciaficcion, accion","OK","Avatar: Fuego y ceniza","Avatar: Fire and Ash","2025","1.00","0","85"
"570","Avatar: The Way of Water","movie","peliculas, cienciaficcion, accion","OK","Avatar: El camino del agua","Avatar: The Way of Water","2022","1.00","0","41"
"571","Avengers: Age of Ultron","movie","peliculas, accion, cienciaficcion","OK","Avengers 2: Era de Ultrón","Avengers: Age of Ultron","2015","1.00","0","53"
"572","Avengers: Endgame","movie","peliculas, accion, cienciaficcion","OK","Avengers: Endgame","Avengers: Endgame","2019","1.00","0","68"
"573","Avengers: Infinity War","movie","peliculas, accion, cienciaficcion","OK","Avengers: Infinity War","Avengers: Infinity War","2018","1.00","0","96"
"574","AVP: Alien vs. Predator","movie","peliculas, terror, cienciaficcion, accion","OK","Alien vs. Depredador","AVP: Alien vs. Predator","2004","1.00","0","9"
"575","BAC Nord","movie","peliculas, drama, accion","OK","BAC Nord: Brigada Anticriminal","BAC Nord","2021","1.00","0","4"
"576","Back to the Future Part III","movie","peliculas, cienciaficcion, comedia","OK","Volver al Futuro 3","Back to the Future Part III","1990","1.00","0","13"
"577","Backrooms","movie","peliculas, terror, cienciaficcion","OK","Backrooms: Sin salida","Backrooms","2026","1.00","0","137"
"578","Bad Boys for Life","movie","peliculas, comedia, accion","OK","Bad Boys para Siempre","Bad Boys for Life","2020","1.00","0","13"
"579","Bad Boys II","movie","peliculas, accion, comedia","OK","Bad Boys II: vuelven más rebeldes","Bad Boys II","2003","1.00","0","12"
"580","Bad Boys: Ride or Die","movie","peliculas, accion, comedia","OK","Bad Boys: Hasta la muerte","Bad Boys: Ride or Die","2024","1.00","0","16"
"581","Baki","tv","anime, accion","OK","Baki","バキ","2018","1.00","0","19"
"582","Baki Hanma","tv","anime, accion","OK","Baki Hanma","範馬刃牙","2021","1.00","0","19"
"583","Baki Hanma vs Kengan Ashura","movie","anime, accion","OK","Baki Hanma vs. Kengan Ashura","範馬刃牙VSケンガンアシュラ","2024","1.00","0","5"
"584","Baki the Grappler","tv","anime, accion","OK","Grappler Baki","グラップラー刃牙","2001","0.83","0","13"
"585","Band of Brothers","tv","series, drama","OK","Hermanos de Sangre","Band of Brothers","2001","1.00","0","31"
"586","Barry","tv","series, comedia, drama, accion","OK","Barry","Barry","2018","1.00","0","23"
"587","Batman Azteca: Clash of Empires","movie","peliculas, accion","OK","Batman Azteca: Choque de imperios","Batman Azteca: Choque de imperios","2025","0.56","0","5"
"588","Batman Begins","movie","peliculas, accion, drama","OK","Batman inicia","Batman Begins","2005","1.00","0","22"
"589","Batman Beyond","tv","series, accion, cienciaficcion","OK","Batman del futuro","Batman Beyond","1999","1.00","0","27"
"590","Batman Forever","movie","peliculas, accion","OK","Batman eternamente","Batman Forever","1995","1.00","0","11"
"591","Batman Returns","movie","peliculas, accion","OK","Batman regresa","Batman Returns","1992","1.00","0","14"
"592","Baymax!","tv","infantil, comedia","OK","¡Baymax!","Baymax!","2022","1.00","0","7"
"593","Beauty and the Beast (1991)","movie","infantil, romance, drama","OK","La Bella y La Bestia","Beauty and the Beast","1991","1.00","0","25"
"594","Beauty and the Beast: The Enchanted Christmas","movie","infantil, romance, comedia","OK","La bella y la bestia: Una Navidad encantada","Beauty and the Beast: The Enchanted Christmas","1997","1.00","0","7"
"595","Belle's Magical World","movie","infantil, romance, comedia","OK","La Bella y la Bestia : El mundo mágico de Bella","Belle's Magical World","1998","1.00","0","7"
"596","Berlín y la dama del armiño","tv","series, documental","OK","Berlín y la dama del armiño","Berlín y la dama del armiño","2026","1.00","0","29"
"597","Berserk (2016)","tv","anime, accion","OK","Berserk","ベルセルク","2016","1.00","0","10"
"598","Better Call Saul","tv","series, drama","OK","Better Call Saul","Better Call Saul","2015","1.00","0","68"
"599","Bicentennial Man","movie","peliculas, drama, cienciaficcion","OK","El hombre bicentenario","Bicentennial Man","1999","1.00","0","8"
"600","Big Eyes","movie","peliculas, drama","OK","Ojos grandes","Big Eyes","2014","1.00","0","4"
"601","Big Momma's House 2","movie","peliculas, comedia","OK","Mi abuela es un peligro 2","Big Momma's House 2","2006","1.00","0","12"
"602","Big Momma's House: Like Father, Like Son","movie","peliculas, comedia, accion","OK","Mi abuela es un peligro 3","Big Mommas: Like Father, Like Son","2011","0.87","0","7"
"603","Birds of Prey (and the Fantabulous Emancipation of One Harley Quinn)","movie","peliculas, comedia, accion","OK","Aves De Presa y La Fantabulosa Emancipación De Una Harley Quinn","Birds of Prey (and the Fantabulous Emancipation of One Harley Quinn)","2020","1.00","0","13"
"604","Black Clover","tv","anime, accion","OK","Black Clover","ブラッククローバー","2017","1.00","0","17"
"605","Black Knight","tv","series, cienciaficcion, accion","OK","Black Knight","택배기사","2023","1.00","0","6"
"606","Black Mirror","tv","series, cienciaficcion, drama","OK","Black Mirror","Black Mirror","2011","1.00","0","68"
"607","Black Panther: Wakanda Forever","movie","peliculas, accion","OK","Pantera Negra: Wakanda por siempre","Black Panther: Wakanda Forever","2022","1.00","0","28"
"608","Black Phone 2","movie","peliculas, terror","OK","Teléfono negro 2","Black Phone 2","2025","1.00","0","15"
"609","Blade Runner 2049","movie","peliculas, cienciaficcion, drama","OK","Blade Runner 2049","Blade Runner 2049","2017","1.00","0","31"
"610","Blade: Trinity","movie","peliculas, terror, comedia, accion","OK","Blade: Trinity","Blade: Trinity","2004","1.00","0","12"
"611","Bleach","tv","anime, accion","OK","Bleach","BLEACH","2004","1.00","0","129"
"612","Blippi","tv","infantil, comedia","OK","Blippi","Blippi","2017","1.00","0","11"
"613","Blue Exorcist","tv","anime, accion","OK","Blue Exorcist","青の祓魔師","2011","1.00","0","27"
"614","Bohemian Rhapsody","movie","peliculas, drama","OK","Bohemian Rhapsody","Bohemian Rhapsody","2018","1.00","0","17"
"615","Book of Shadows: Blair Witch 2","movie","peliculas, terror","OK","El Libro de Las Sombras: Bruja Blair 2","Book of Shadows: Blair Witch 2","2000","1.00","0","4"
"616","Boruto: Naruto the Movie","movie","anime, accion","OK","Boruto: Naruto la Película","BORUTO -NARUTO THE MOVIE-","2015","1.00","0","7"
"617","Boys Over Flowers","tv","series, romance, comedia, drama","OK","Boys Over Flowers","花より男子","1996","1.00","0","5"
"618","Breaking Bad","tv","series, drama","OK","Breaking Bad","Breaking Bad","2008","1.00","0","138"
"619","Bring Her Back","movie","peliculas, terror, drama","OK","Haz que regrese","Bring Her Back","2025","1.00","0","14"
"620","Brother Bear 2","movie","infantil, drama, comedia","OK","Tierra de Osos 2","Brother Bear 2","2006","1.00","0","7"
"621","Bumblebee","movie","peliculas, accion, cienciaficcion","OK","Bumblebee","Bumblebee","2018","1.00","0","13"
"622","Captain America: Brave New World","movie","peliculas, accion","OK","Capitán América: Un nuevo mundo","Captain America: Brave New World","2025","1.00","0","52"
"623","Captain America: Civil War","movie","peliculas, accion","OK","Capitán América: Civil War","Captain America: Civil War","2016","1.00","0","45"
"624","Captain America: The First Avenger","movie","peliculas, accion","OK","Capitán América: El Primer Vengador","Captain America: The First Avenger","2011","1.00","0","20"
"625","Captain America: The Winter Soldier","movie","peliculas, accion","OK","Capitán América y el Soldado del Invierno","Captain America: The Winter Soldier","2014","1.00","0","19"
"626","Captain Marvel","movie","peliculas, accion, cienciaficcion","OK","Capitana Marvel","Captain Marvel","2019","1.00","0","22"
"627","Cars","movie","infantil, comedia","OK","Cars","Cars","2006","1.00","0","22"
"628","Cars 2","movie","infantil, comedia","OK","Cars 2","Cars 2","2011","1.00","0","26"
"629","Cars on the Road","tv","infantil, comedia","OK","Cars: Aventuras en el camino","Cars on the Road","2022","1.00","0","12"
"630","Castle in the Sky","movie","anime, cienciaficcion, accion","OK","Castle in the Sky (World record attempt)","Castle in the Sky (World record attempt)","2025","0.56","0","1"
"631","Castlevania","tv","anime, accion, terror","OK","Castlevania","Castlevania","2017","1.00","0","23"
"632","Cells at Work","tv","anime, comedia","OK","Cells at Work!","はたらく細胞","2018","1.00","0","24"
"633","Chainsaw Man","tv","anime, accion, terror","OK","Chainsaw Man","チェンソーマン","2022","1.00","0","31"
"634","Cheaper by the Dozen 2","movie","peliculas, comedia","OK","Más Barato Por Docena 2","Cheaper by the Dozen 2","2005","1.00","0","7"
"635","Chespirito","tv","series, comedia","OK","Chespirito","Chespirito","1980","1.00","0","23"
"636","Chilling Adventures of Sabrina","tv","series, terror, drama","OK","El mundo oculto de Sabrina","Chilling Adventures of Sabrina","2018","1.00","0","28"
"637","Claymore","tv","anime, accion","OK","Claymore","クレイモア","2007","1.00","0","12"
"638","Cloverfield","movie","peliculas, terror, cienciaficcion","OK","Cloverfield: Monstruo","Cloverfield","2008","1.00","0","12"
"639","Cobra Kai","tv","series, accion, drama, comedia","OK","Cobra Kai","Cobra Kai","2018","1.00","0","42"
"640","Coin Heist","movie","peliculas, accion, comedia","OK","A Golpe de Monedas","Coin Heist","2017","1.00","0","2"
"641","Common Side Effects","tv","series, cienciaficcion, drama","OK","Efectos colaterales","Common Side Effects","2025","1.00","0","23"
"642","Conversations with a Killer: The Jeffrey Dahmer Tapes","tv","series, documental","OK","Conversaciones con asesinos: Las cintas de Jeffrey Dahmer","Conversations with a Killer: The Jeffrey Dahmer Tapes","2022","1.00","0","5"
"643","Copycat Killer","tv","series, drama","OK","CopyCat Killers","CopyCat Killers","2016","0.96","0","6"
"644","Coraline","movie","infantil, terror","OK","Coraline y la puerta secreta","Coraline","2009","1.00","0","40"
"645","Corpse Bride","movie","peliculas, comedia, terror","OK","El cadáver de la novia","Corpse Bride","2005","1.00","0","22"
"646","Courage the Cowardly Dog","tv","infantil, comedia","OK","Coraje, el perro cobarde","Courage the Cowardly Dog","1999","1.00","0","28"
"647","Crank: High Voltage","movie","peliculas, comedia, accion","OK","Crank 2: Alto voltaje","Crank: High Voltage","2009","1.00","0","11"
"648","Cube 2: Hypercube","movie","peliculas, terror, cienciaficcion","OK","El Cubo 2: Hipercubo","Cube 2: Hypercube","2002","1.00","0","7"
"649","Cube Zero","movie","peliculas, terror, cienciaficcion","OK","El Cubo: Zero","Cube Zero","2004","1.00","0","5"
"650","Curses!","tv","infantil, comedia, accion","OK","Una maldición familiar","Curses!","2023","1.00","0","10"
"651","Da 5 Bloods","movie","peliculas, drama, accion","OK","5 Sangres","Da 5 Bloods","2020","1.00","0","5"
"652","Dark","tv","series, cienciaficcion, drama","OK","Dark","Dark","2017","1.00","0","35"
"653","Dave","tv","series, comedia, drama","OK","DAVE","DAVE","2020","1.00","0","12"
"654","Deadpool & Wolverine","movie","peliculas, accion, comedia","OK","Deadpool & Wolverine","Deadpool & Wolverine","2024","1.00","0","59"
"655","Deadpool 2","movie","peliculas, accion, comedia","OK","Deadpool 2","Deadpool 2","2018","1.00","0","27"
"656","Deepwater Horizon","movie","peliculas, drama, accion","OK","Horizonte profundo","Deepwater Horizon","2016","1.00","0","12"
"657","Demon Slayer: Kimetsu no Yaiba","tv","anime, accion","OK","Demon Slayer: Kimetsu no Yaiba","鬼滅の刃","2019","1.00","0","19"
"658","Den of Thieves 2: Pantera","movie","peliculas, accion","OK","El Robo Perfecto: Pantera","Den of Thieves 2: Pantera","2025","1.00","0","13"
"659","Despicable Me 2","movie","infantil, comedia","OK","Mi Villano Favorito 2","Despicable Me 2","2013","1.00","0","18"
"660","Despicable Me 4","movie","infantil, comedia","OK","Mi villano favorito 4","Despicable Me 4","2024","1.00","0","24"
"661","Devil May Cry","tv","anime, accion","OK","Devil May Cry","Devil May Cry","2025","1.00","0","26"
"662","Dexter","tv","series, drama","OK","Dexter","Dexter","2006","1.00","0","142"
"663","Dexter: Resurrection","tv","series, drama","OK","Dexter: Resurrección","Dexter: Resurrection","2025","1.00","0","21"
"664","Diary of a Wimpy Kid: Dog Days","movie","peliculas, comedia","OK","El diario de un chico en apuros 3: Días de Perros","Diary of a Wimpy Kid: Dog Days","2012","1.00","0","6"
"665","Diary of a Wimpy Kid: The Long Haul","movie","peliculas, comedia","OK","Diario de Greg: Un viaje de locos","Diary of a Wimpy Kid: The Long Haul","2017","1.00","0","5"
"666","Die Hard 2","movie","peliculas, accion","OK","Duro de matar 2","Die Hard 2","1990","1.00","0","13"
"667","Die Hard with a Vengeance","movie","peliculas, accion","OK","Duro de matar 3: La venganza","Die Hard: With a Vengeance","1995","1.00","0","15"
"668","Digimon Adventure tri.","movie","anime, accion, drama","OK","Digimon Adventure tri. 5: Simbiosis","デジモンアドベンチャー tri. 第5章「共生」","2017","0.80","0","2"
"669","Digimon Adventure:","tv","anime, accion, comedia","OK","Digimon Adventure","デジモンアドベンチャー：","2020","1.00","0","16"
"670","Digimon Beatbreak","tv","anime, accion, comedia","OK","Digimon Beatbreak","DIGIMON BEATBREAK","2025","1.00","0","21"
"671","Digimon Frontier","tv","anime, accion, comedia","OK","Digimon Frontier","デジモンフロンティア","2002","1.00","0","13"
"672","Digimon Ghost Game","tv","anime, accion, terror","OK","Digimon Ghost Game","デジモンゴーストゲーム","2021","1.00","0","12"
"673","Digimon Tamers","tv","anime, accion, drama","OK","Digimon Tamers","デジモンテイマーズ","2001","1.00","0","10"
"674","Disclosure Day","movie","peliculas, cienciaficcion, drama","OK","El día de la revelación","Disclosure Day","2026","1.00","0","131"
"675","Disneynature: African Cats","movie","peliculas, documental","OK","Felinos de África","African Cats","2011","0.63","0","3"
"676","Disneynature: Born in China","movie","peliculas, documental","OK","Nacidos en China","Born in China","2016","0.63","0","3"
"677","Disneynature: Chimpanzee","movie","peliculas, documental","OK","Chimpancés","Chimpanzee","2012","0.58","0","2"
"678","Disneynature: Expedition China","movie","peliculas, documental","OK","Expedición a China","Expedition China","2017","0.73","0","1"
"679","Disneynature: Ghost of the Mountains","movie","peliculas, documental","OK","El fantasma de la montaña","Ghost of the Mountains","2017","0.68","0","2"
"680","Disneynature: Growing Up Wild","movie","peliculas, documental","OK","Creciendo libres","Growing Up Wild","2016","0.67","0","2"
"681","Disneynature: Monkey Kingdom","movie","peliculas, documental","OK","El Reino de los Monos","Monkey Kingdom","2015","0.68","0","2"
"682","Disneynature: The Crimson Wing - Mystery of the Flamingos","movie","peliculas, documental","OK","El misterio de los flamencos","The Crimson Wing: Mystery of the Flamingos","2008","0.81","0","2"
"683","Disneynature: Wings of Life","movie","peliculas, documental","OK","Wings of Life","Wings of Life","2011","0.58","0","2"
"684","Doctor Strange in the Multiverse of Madness","movie","peliculas, accion, cienciaficcion","OK","Doctor Strange en el multiverso de la locura","Doctor Strange in the Multiverse of Madness","2022","1.00","0","37"
"685","Dongjae, the Good or the Bastard","tv","series, drama, accion","OK","Dongjae, The Good or The Bastard","좋거나 나쁜 동재","2024","1.00","0","4"
"686","Donnie Darko","movie","peliculas, drama, cienciaficcion, terror","OK","Donnie Darko","Donnie Darko","2001","1.00","0","13"
"687","Doom","movie","peliculas, terror, accion, cienciaficcion","OK","Doom: La puerta del infierno","Doom","2005","1.00","0","9"
"688","Doom: Annihilation","movie","peliculas, accion, cienciaficcion","OK","Doom: Aniquilación","Doom: Annihilation","2019","1.00","0","5"
"689","Doona!","tv","series, romance, comedia, drama","OK","Doona!","이두나!","2023","1.00","0","10"
"690","DOTA: Dragon's Blood","tv","anime, accion","OK","DOTA: Sangre de dragón","DOTA: Dragon's Blood","2021","1.00","0","13"
"691","Dr. Stone","tv","anime, cienciaficcion, comedia","OK","Dr. Stone","Dr.STONE","2019","1.00","0","10"
"692","Drag Me to Hell","movie","peliculas, terror, drama","OK","Arrástrame al infierno","Drag Me to Hell","2009","1.00","0","9"
"693","Dragon Ball Daima","tv","anime, accion","OK","Dragon Ball Daima","ドラゴンボールDAIMA","2024","1.00","0","20"
"694","Dragon Ball GT","tv","anime, accion","OK","Dragon Ball GT","ドラゴンボールGT","1996","1.00","0","2"
"695","Dragon Ball Super","tv","anime, accion","OK","Dragon Ball Super","ドラゴンボール超（スーパー）","2015","1.00","0","18"
"696","Dragon Ball Super: Broly","movie","anime, accion","OK","Dragon Ball Super: Broly","ドラゴンボール超 ブロリー","2018","1.00","0","2"
"697","Dragon Ball Super: Super Hero","movie","anime, accion","OK","Dragon Ball Super: Super Hero","ドラゴンボール超 スーパーヒーロー","2022","1.00","0","7"
"698","Dragon Ball Z: Bardock - The Father of Goku","movie","anime, accion","OK","Dragon Ball Z: La Batalla de Freezer contra el Padre de Goku","ドラゴンボールZ たったひとりの最終決戦〜フリーザに挑んだZ戦士 孫悟空の父〜","1990","0.62","0","5"
"699","Dragon Ball Z: Battle of Gods","movie","anime, accion","OK","Dragon Ball Z: La batalla de los dioses","ドラゴンボールZ 神と神","2013","0.64","0","7"
"700","Dragon Ball Z: Bio-Broly","movie","anime, accion","OK","Dragon Ball Z: El Combate Final","ドラゴンボールＺ 超戦士撃破!!勝のはオレだ","1994","0.59","0","4"
"701","Dragon Ball Z: Cooler's Revenge","movie","anime, accion","OK","Dragon Ball Z: Los Rivales más Poderosos","ドラゴンボールZ とびっきりの最強対最強","1991","0.57","0","5"
"702","Dragon Ball Z: Dead Zone","movie","anime, accion","OK","Dragon Ball Z: ¡Devuélvanme a mi Gohan!","ドラゴンボールＺ オラの悟飯をかえせッ!!","1989","0.59","0","5"
"703","Dragon Ball Z: Fusion Reborn","movie","anime, accion","OK","Dragon Ball Z: La Fusión de Goku y Vegeta","ドラゴンボールZ 復活のフュージョン!! 悟空とベジータ","1995","0.69","0","6"
"704","Dragon Ball Z: The History of Trunks","movie","anime, accion, drama","OK","Dragon Ball Z: Los dos Guerreros del Futuro Gohan y Trunks","ドラゴンボールZ 絶望への反抗!! 残された超戦士・悟飯とトランクス","1993","0.58","0","4"
"705","Dragon Ball Z: Wrath of the Dragon","movie","anime, accion","OK","Dragon Ball Z: El Ataque Del Dragón","ドラゴンボールZ 龍拳爆発!!悟空がやらねば誰がやる","1995","0.75","0","5"
"706","Dragon Ball: Mystical Adventure","movie","anime, accion","OK","Dragon Ball: Una aventura mística","ドラゴンボール 魔訶不思議大冒険","1988","0.83","0","3"
"707","Dragon Ball: Sleeping Princess in Devil's Castle","movie","anime, accion","OK","Dragon Ball: La princesa durmiente del castillo embrujado","ドラゴンボール 魔神城のねむり姫","1987","0.56","0","4"
"708","Dragon Ball: The Path to Power","movie","anime, accion","OK","Dragon Ball: El camino hacia el poder","ドラゴンボール 最強への道","1996","0.58","0","3"
"709","Dragon Quest: The Adventure of Dai","tv","anime","OK","Dragon Quest: The Adventure of Dai","ドラゴンクエスト ダイの大冒険","2020","1.00","0","14"
"710","Dragon Striker","tv","infantil, accion, cienciaficcion","OK","Dragon Striker","Dragon Striker","2026","1.00","0","8"
"711","Dragonheart: Vengeance","movie","peliculas, accion","OK","Corazón de Dragón 5: La venganza","Dragonheart: Vengeance","2021","1.00","0","5"
"712","Dragons: The Nine Realms","tv","infantil, accion, cienciaficcion","OK","Dragones: Los nueve reinos","Dragons: The Nine Realms","2021","1.00","0","14"
"713","Drake & Josh","tv","series, comedia","OK","Drake & Josh","Drake & Josh","2004","1.00","0","20"
"714","DuckTales the Movie: Treasure of the Lost Lamp","movie","infantil, accion, comedia","OK","Patoaventuras la película: El tesoro de la lámpara perdida","DuckTales: The Movie - Treasure of the Lost Lamp","1990","1.00","0","7"
"715","Dune: Part Two","movie","peliculas, cienciaficcion, accion, drama","OK","Duna: Parte dos","Dune: Part Two","2024","1.00","0","35"
"716","Dune: Prophecy","tv","series, cienciaficcion, drama","OK","Duna: La profecía","Dune: Prophecy","2024","1.00","0","20"
"717","Dungeons & Dragons: Honor Among Thieves","movie","peliculas, accion, comedia, cienciaficcion","OK","Calabozos & Dragones: Honor entre ladrones","Dungeons & Dragons: Honor Among Thieves","2023","1.00","0","15"
"718","Ed Wood","movie","peliculas, comedia, drama","OK","Ed Wood","Ed Wood","1994","1.00","0","5"
"719","Edward Scissorhands","movie","peliculas, drama, romance","OK","El Joven Manos de Tijera","Edward Scissorhands","1990","1.00","0","18"
"720","El juego de la muerte","tv","series, accion, drama, cienciaficcion","OK","El juego de la muerte","이재, 곧 죽습니다","2023","1.00","0","11"
"721","Elfen Lied","tv","anime, drama, terror","OK","Elfen Lied","エルフェンリート","2004","1.00","0","9"
"722","Elio","movie","peliculas, comedia, cienciaficcion","OK","Elio","Elio","2025","1.00","0","16"
"723","Ergo Proxy","tv","anime, cienciaficcion, drama","OK","Ergo Proxy","エルゴプラクシー","2006","1.00","0","12"
"724","Escape at Dannemora","tv","series, drama","OK","Fuga en Dannemora","Escape at Dannemora","2018","1.00","0","7"
"725","Eternals","movie","peliculas, accion, cienciaficcion","OK","Eternals","Eternals","2021","1.00","0","19"
"726","Euphoria","tv","series, drama","OK","Euphoria","Euphoria","2019","1.00","0","78"
"727","Evangelion: 1.0 You Are (Not) Alone","movie","anime, cienciaficcion, drama, accion","OK","Evangelion: 1.11 Tú (No) Estás Solo","ヱヴァンゲリヲン新劇場版：序","2007","0.55","0","7"
"728","Evil Dead (2013)","movie","peliculas, terror","OK","Posesión Infernal","Evil Dead","2013","1.00","0","15"
"729","Evil Dead II","movie","peliculas, terror, comedia","OK","El despertar del diablo 2","Evil Dead II","1987","1.00","0","12"
"730","Evil Dead Rise","movie","peliculas, terror","OK","Evil Dead: El despertar","Evil Dead Rise","2023","1.00","0","20"
"731","Ewoks: The Battle for Endor","movie","peliculas, accion, cienciaficcion","OK","Star Wars: Ewoks La Batalla Por Endor","Ewoks: The Battle for Endor","1985","1.00","0","4"
"732","Exorcist II: The Heretic","movie","peliculas, terror","OK","El Exorcista II: El hereje","Exorcist II: The Heretic","1977","1.00","0","7"
"733","Extraordinary Attorney Woo","tv","series, comedia, drama","OK","Woo, Una Abogada Extraordinaria","이상한 변호사 우영우","2022","0.58","0","18"
"734","F1","movie","peliculas, drama, accion","OK","F1 la película","F1","2025","1.00","0","34"
"735","F9","movie","peliculas, accion","OK","Rápidos y furiosos 9","F9","2021","1.00","0","9"
"736","Fantastic Beasts and Where to Find Them","movie","peliculas","OK","Animales Fantásticos: Y Dónde Encontrarlos","Fantastic Beasts and Where to Find Them","2016","1.00","0","21"
"737","Fantastic Beasts: The Crimes of Grindelwald","movie","peliculas","OK","Animales Fantásticos 2: Los Crímenes de Grindelwald","Fantastic Beasts: The Crimes of Grindelwald","2018","1.00","0","10"
"738","Fantastic Beasts: The Secrets of Dumbledore","movie","peliculas","OK","Animales Fantásticos 3: Los Secretos de Dumbledore","Fantastic Beasts: The Secrets of Dumbledore","2022","1.00","0","17"
"739","Fast & Furious 6","movie","peliculas, accion","OK","Rápidos y furiosos 6","Fast & Furious 6","2013","1.00","0","2"
"740","Fast & Furious: Spy Racers","tv","infantil, accion, cienciaficcion","OK","Rápidos y furiosos: Espías al volante","Fast & Furious Spy Racers","2019","1.00","0","19"
"741","Fast Five","movie","peliculas, accion","OK","Rápidos y Furiosos: 5in Control","Fast Five","2011","1.00","0","2"
"742","Fear and Loathing in Las Vegas","movie","peliculas, comedia, drama","OK","Pánico y locura en Las Vegas","Fear and Loathing in Las Vegas","1998","1.00","0","10"
"743","Fear the Walking Dead","tv","series, terror, drama","OK","Fear the Walking Dead","Fear the Walking Dead","2015","1.00","0","38"
"744","Fifty Shades Darker","movie","peliculas, drama, romance","OK","Cincuenta Sombras Más Oscuras","Fifty Shades Darker","2017","1.00","0","14"
"745","Fifty Shades of Grey","movie","peliculas, drama, romance","OK","Cincuenta Sombras de Grey","Fifty Shades of Grey","2015","1.00","0","27"
"746","Final Destination 2","movie","peliculas, terror","OK","Destino Final 2","Final Destination 2","2003","1.00","0","13"
"747","Final Destination 5","movie","peliculas, terror","OK","Destino Final 5","Final Destination 5","2011","1.00","0","13"
"748","Finding Dory","movie","infantil, comedia, drama","OK","Buscando a Dory","Finding Dory","2016","1.00","0","14"
"749","Finding Nemo","movie","infantil, comedia, drama","OK","Buscando a Nemo","Finding Nemo","2003","1.00","0","30"
"750","Five Feet Apart","movie","peliculas, drama, romance","OK","A Dos Metros de Ti","Five Feet Apart","2019","1.00","0","9"
"751","Five Weddings","movie","peliculas, comedia, romance","OK","5 Weddings","5 Weddings","2018","0.76","0","1"
"752","For the Love of Spock","movie","peliculas, documental","OK","For the Love of Spock","For the Love of Spock","2016","1.00","0","3"
"753","Forrest Gump","movie","peliculas, drama, romance","OK","Forrest Gump","Forrest Gump","1994","1.00","0","35"
"754","Franco Escamilla: Bienvenido al Mundo","movie","peliculas, comedia, documental","OK","Franco Escamilla: Bienvenido al mundo","Franco Escamilla: bienvenido al mundo","2019","1.00","0","1"
"755","Frankenstein (2025)","movie","peliculas, terror, drama, cienciaficcion","OK","Frankenstein","Frankenstein","2025","1.00","0","22"
"756","Freddy's Dead: The Final Nightmare","movie","peliculas, terror","OK","Pesadilla En La Calle Del Infierno 6","Freddy's Dead: The Final Nightmare","1991","1.00","0","7"
"757","Friends","tv","series, comedia, romance","OK","Friends","Friends","1994","1.00","0","131"
"758","From","tv","series, terror, cienciaficcion, drama","OK","From","FROM","2022","1.00","0","155"
"759","Frozen Fever","movie","infantil, comedia","OK","Frozen: Fiebre Congelada","Frozen Fever","2015","1.00","0","7"
"760","Fullmetal Alchemist: Brotherhood","tv","anime, accion, drama","OK","Fullmetal Alchemist: Brotherhood","鋼の錬金術師 FULLMETAL ALCHEMIST","2009","1.00","0","53"
"761","Furiosa: A Mad Max Saga","movie","peliculas, accion, cienciaficcion","OK","Furiosa: De la saga Mad Max","Furiosa: A Mad Max Saga","2024","1.00","0","23"
"762","Furious 7","movie","peliculas, accion","OK","Rápidos y Furiosos 7","Furious 7","2015","1.00","0","18"
"763","Futurama","tv","series, comedia, cienciaficcion","OK","Futurama","Futurama","1999","1.00","0","141"
"764","Game of Thrones","tv","series, drama, accion","OK","Game of Thrones","Game of Thrones","2011","1.00","0","168"
"765","Gantz","tv","anime, accion, terror, cienciaficcion","OK","Gantz","ガンツ","2004","1.00","0","11"
"766","Genius","tv","series, drama","OK","Genius: Einstein","Genius","2017","1.00","0","17"
"767","Ghost in the Shell 2: Innocence","movie","anime, accion, cienciaficcion","OK","Ghost In the Shell 2: Inocencia","イノセンス","2004","0.93","0","6"
"768","Ghostbusters (2016)","movie","peliculas, comedia, accion","OK","Cazafantasmas","Ghostbusters","2016","1.00","0","12"
"769","Ghostbusters II","movie","peliculas, comedia","OK","Los Cazafantasmas 2","Ghostbusters II","1989","1.00","0","11"
"770","Ghostbusters: Afterlife","movie","peliculas, comedia","OK","Ghostbusters: El Legado","Ghostbusters: Afterlife","2021","1.00","0","20"
"771","Ghostbusters: Frozen Empire","movie","peliculas, comedia, accion","OK","Ghostbusters: Apocalipsis fantasma","Ghostbusters: Frozen Empire","2024","1.00","0","14"
"772","Godzilla vs. Kong","movie","peliculas, accion, cienciaficcion","OK","Godzilla vs Kong","Godzilla vs. Kong","2021","1.00","0","17"
"773","Godzilla x Kong: The New Empire","movie","peliculas, accion, cienciaficcion","OK","Godzilla y Kong: El nuevo imperio","Godzilla x Kong: The New Empire","2024","1.00","0","17"
"774","Goosebumps: The Vanishing","tv","infantil, terror, comedia","OK","Goosebumps: La desaparición","Goosebumps: The Vanishing","2025","1.00","0","8"
"775","Gravity Falls","tv","infantil, comedia, cienciaficcion","OK","Gravity Falls","Gravity Falls","2012","1.00","0","53"
"776","Great Teacher Onizuka","tv","anime, comedia, drama","OK","Great Teacher Onizuka","グレート・ティーチャー・オニヅカ","1999","1.00","0","18"
"777","Greatest Events of World War II in Colour","tv","series, documental","OK","Eventos de la Segunda Guerra Mundial a todo color","Greatest Events of World War II in Colour","2019","1.00","0","5"
"778","Green Book","movie","peliculas, comedia, drama","OK","Green Book: Una Amistad sin Fronteras","Green Book","2018","1.00","0","20"
"779","Gremlins 2: The New Batch","movie","peliculas, terror, comedia","OK","Gremlins 2: La nueva generación","Gremlins 2: The New Batch","1990","1.00","0","11"
"780","Grown Ups 2","movie","peliculas, comedia","OK","Son Como Niños 2","Grown Ups 2","2013","1.00","0","14"
"781","Guardians of the Galaxy","movie","peliculas, accion, comedia, cienciaficcion","OK","Guardianes de la galaxia","Guardians of the Galaxy","2014","1.00","0","21"
"782","Guardians of the Galaxy Vol. 2","movie","peliculas, accion, comedia, cienciaficcion","OK","Guardianes de la Galaxia volumen 2","Guardians of the Galaxy Vol. 2","2017","1.00","0","28"
"783","Guardians of the Galaxy Vol. 3","movie","peliculas, accion, comedia, cienciaficcion","OK","Guardianes de la Galaxia volumen 3","Guardians of the Galaxy Vol. 3","2023","1.00","0","39"
"784","Hajime no Ippo","tv","anime, drama, accion","OK","Espíritu de lucha: Hajime no Ippo","はじめの一歩","2000","0.65","0","25"
"785","Halloween 4: The Return of Michael Myers","movie","peliculas, terror","OK","Halloween 4: El regreso de Michael Myers","Halloween 4: The Return of Michael Myers","1988","1.00","0","7"
"786","Halloween 5: The Revenge of Michael Myers","movie","peliculas, terror","OK","Halloween 5: La venganza de Michael Myers","Halloween 5: The Revenge of Michael Myers","1989","1.00","0","6"
"787","Halloween H20: 20 Years Later","movie","peliculas, terror","OK","Halloween H2O: Veinte años después","Halloween H20: 20 Years Later","1998","1.00","0","8"
"788","Halloween III: Season of the Witch","movie","peliculas, terror","OK","Halloween III: El imperio de las brujas","Halloween III: Season of the Witch","1982","1.00","0","6"
"789","Halloween Kills","movie","peliculas, terror","OK","Halloween Kills: La Noche Aún No Termina","Halloween Kills","2021","1.00","0","9"
"790","Halloween: Resurrection","movie","peliculas, terror","OK","Halloween: Resurrección","Halloween: Resurrection","2002","1.00","0","8"
"791","Halloween: The Curse of Michael Myers","movie","peliculas, terror","OK","Halloween 6: La maldición de Michael Myers","Halloween: The Curse of Michael Myers","1995","1.00","0","7"
"792","Halo","tv","series, cienciaficcion, accion","OK","Halo","Halo","2022","1.00","0","32"
"793","Hannibal Rising","movie","peliculas, drama","OK","Hannibal: El origen del mal","Hannibal Rising","2007","1.00","0","2"
"794","Happy Gilmore 2","movie","peliculas, comedia","OK","Happy Gilmore 2","Happy Gilmore 2","2025","1.00","0","9"
"795","Harry Potter and the Chamber of Secrets","movie","peliculas, accion","OK","Harry Potter y la cámara secreta","Harry Potter and the Chamber of Secrets","2002","1.00","0","36"
"796","Harry Potter and the Goblet of Fire","movie","peliculas, accion","OK","Harry Potter y el cáliz de fuego","Harry Potter and the Goblet of Fire","2005","1.00","0","35"
"797","Harry Potter and the Half-Blood Prince","movie","peliculas, accion","OK","Harry Potter y el misterio del príncipe","Harry Potter and the Half-Blood Prince","2009","1.00","0","30"
"798","Harry Potter and the Order of the Phoenix","movie","peliculas, accion","OK","Harry Potter y la orden del Fénix","Harry Potter and the Order of the Phoenix","2007","1.00","0","29"
"799","Harry Potter and the Philosopher's Stone","movie","peliculas, accion","OK","Harry Potter y la piedra filosofal","Harry Potter and the Philosopher's Stone","2001","1.00","0","48"
"800","Harry Potter and the Prisoner of Azkaban","movie","peliculas, accion","OK","Harry Potter y el prisionero de Azkaban","Harry Potter and the Prisoner of Azkaban","2004","1.00","0","34"
"801","Hawkeye","tv","series, accion, comedia","OK","Hawkeye","Hawkeye","2021","1.00","0","23"
"802","Hell Girl","tv","anime, terror, drama","OK","Hell Girl","地獄少女","2005","1.00","0","17"
"803","Hell's Paradise: Jigokuraku","tv","anime, accion, terror","OK","Hell's Paradise","地獄楽","2023","0.76","0","76"
"804","Hellboy (2019)","movie","peliculas, terror, accion","OK","Hellboy","Hellboy","2019","1.00","0","10"
"805","Hellsing","tv","anime, accion, terror","OK","Hellsing","ヘルシング","2001","1.00","0","11"
"806","Helstrom","tv","series, accion, terror, cienciaficcion","OK","Helstrom","Helstrom","2020","1.00","0","10"
"807","Her","movie","peliculas, drama, romance, cienciaficcion","OK","Ella","Her","2013","1.00","0","16"
"808","Heroic","movie","peliculas, drama, accion","OK","HEROIC","HEROIC","2022","1.00","0","1"
"809","High School of the Dead","tv","anime, terror, accion","OK","Highschool of the Dead","学園黙示録 HIGHSCHOOL OF THE DEAD","2010","0.90","0","18"
"810","His Dark Materials","tv","series, cienciaficcion","OK","His Dark Materials","His Dark Materials","2019","1.00","0","24"
"811","Hocus Pocus 2","movie","peliculas, comedia","OK","Abracadabra 2","Hocus Pocus 2","2022","1.00","0","8"
"812","Home Alone 2: Lost in New York","movie","peliculas, comedia","OK","Mi pobre angelito 2: Perdido en Nueva York","Home Alone 2: Lost in New York","1992","1.00","0","29"
"813","Home Alone 3","movie","peliculas, comedia","OK","Mi pobre angelito 3","Home Alone 3","1997","1.00","0","11"
"814","Home Alone: The Holiday Heist","movie","peliculas, comedia","OK","Mi pobre angelito 5","Home Alone: The Holiday Heist","2012","1.00","0","6"
"815","Home Sweet Home Alone","movie","peliculas, comedia","OK","Mi pobre y dulce angelito","Home Sweet Home Alone","2021","1.00","0","12"
"816","Hostile Planet","tv","series, documental","OK","Planeta hostil","Hostile Planet","2019","1.00","0","3"
"817","House of the Dragon","tv","series, drama, accion","OK","La casa del dragón","House of the Dragon","2022","1.00","0","193"
"818","Housing Complex C","tv","anime, terror","OK","Housing Complex C","Housing Complex C","2022","1.00","0","5"
"819","How I Met Your Mother","tv","series, comedia, romance","OK","Cómo conocí a tu madre","How I Met Your Mother","2005","1.00","0","76"
"820","Hunter Killer","movie","peliculas, accion","OK","Misión submarino","Hunter Killer","2018","1.00","0","12"
"821","I Am Frankelda","movie","peliculas, comedia","OK","Soy Frankelda","Soy Frankelda","2025","0.72","0","6"
"822","I Am Groot","tv","infantil, comedia","OK","Yo soy Groot","I Am Groot","2022","1.00","0","14"
"823","I Spit on Your Grave 2","movie","peliculas, terror","OK","Dulce venganza 2","I Spit on Your Grave 2","2013","1.00","0","9"
"824","I Spit on Your Grave III: Vengeance is Mine","movie","peliculas, terror","OK","Dulce venganza 3: La venganza es mía","I Spit on Your Grave III: Vengeance Is Mine","2015","1.00","0","6"
"825","I'm a Virgo","tv","series, comedia","OK","Soy Virgo","I'm a Virgo","2023","1.00","0","9"
"826","Ice Age","movie","infantil, comedia","OK","La era de hielo","Ice Age","2002","1.00","0","23"
"827","Ice Age: A Mammoth Christmas","movie","peliculas, comedia","OK","La Era de Hielo: Una Navidad tamaño mamut","Ice Age: A Mammoth Christmas","2011","1.00","0","7"
"828","Ice Age: Adventures of Buck Wild","movie","infantil, comedia, accion","OK","La Era de Hielo: Las aventuras de Buck","The Ice Age Adventures of Buck Wild","2022","1.00","0","10"
"829","Ice Age: Collision Course","movie","infantil, comedia, cienciaficcion","OK","La era de hielo: Choque de mundos","Ice Age: Collision Course","2016","1.00","0","29"
"830","Ice Age: Continental Drift","movie","infantil, comedia","OK","La era de hielo 4","Ice Age: Continental Drift","2012","1.00","0","25"
"831","Ice Age: Dawn of the Dinosaurs","movie","infantil, comedia","OK","La era de hielo 3","Ice Age: Dawn of the Dinosaurs","2009","1.00","0","19"
"832","Ice Age: The Meltdown","movie","infantil, comedia","OK","La era de hielo 2","Ice Age: The Meltdown","2006","1.00","0","18"
"833","Idols del K-pop","tv","series, documental, drama","OK","Idols del k-pop","K-Pop Idols","2024","1.00","0","4"
"834","Imaginary","movie","peliculas, terror","OK","Imaginario: Juguete diabólico","Imaginary","2024","1.00","0","6"
"835","Inception","movie","peliculas, cienciaficcion, accion","OK","El Origen","Inception","2010","1.00","0","54"
"836","Incredibles 2","movie","infantil, accion, comedia","OK","Los increíbles 2","Incredibles 2","2018","1.00","0","19"
"837","Independence Day: Resurgence","movie","peliculas, accion, cienciaficcion","OK","El Día de la Independencia 2: Contraataque","Independence Day: Resurgence","2016","1.00","0","12"
"838","Insânia","tv","series, terror","OK","Insania","Insânia","2021","1.00","0","4"
"839","Insidious","movie","peliculas, terror","OK","La noche del demonio","Insidious","2011","1.00","0","57"
"840","Insidious: Chapter 2","movie","peliculas, terror","OK","La noche del demonio: Capítulo 2","Insidious: Chapter 2","2013","1.00","0","41"
"841","Insidious: Chapter 3","movie","peliculas, terror","OK","La noche del demonio: Capítulo 3","Insidious: Chapter 3","2015","1.00","0","43"
"842","Insidious: The Last Key","movie","peliculas, terror","OK","La noche del demonio: La última llave","Insidious: The Last Key","2018","1.00","0","43"
"843","Insidious: The Red Door","movie","peliculas, terror","OK","La noche del demonio: La puerta roja","Insidious: The Red Door","2023","1.00","0","45"
"844","Inuyasha","tv","anime, accion, romance","OK","Inuyasha","犬夜叉","2000","1.00","0","29"
"845","Iron Man & Captain America: Heroes United","movie","infantil, accion","OK","Iron Man y Capitán América: héroes unidos","Iron Man & Captain America: Heroes United","2014","1.00","0","3"
"846","Iron Man 2","movie","peliculas, accion, cienciaficcion","OK","Iron Man 2","Iron Man 2","2010","1.00","0","29"
"847","Iron Man 3","movie","peliculas, accion, cienciaficcion","OK","Iron Man 3","Iron Man 3","2013","1.00","0","29"
"848","It","movie","peliculas, terror","OK","It (Eso)","It","2017","1.00","0","26"
"849","It Chapter Two","movie","peliculas, terror","OK","IT: Capítulo 2","It Chapter Two","2019","1.00","0","15"
"850","It: Welcome to Derry","tv","series, terror, drama","OK","IT: Bienvenidos a Derry","IT: Welcome to Derry","2025","1.00","0","35"
"851","Iwájú","tv","infantil, accion, cienciaficcion","OK","Iwájú","Iwájú","2024","1.00","0","4"
"852","Jason Bourne","movie","peliculas, accion","OK","Jason Bourne","Jason Bourne","2016","1.00","0","13"
"853","Jeepers Creepers 2","movie","peliculas, terror","OK","El demonio 2","Jeepers Creepers 2","2003","1.00","0","10"
"854","Jeepers Creepers 3","movie","peliculas, terror","OK","Jeepers Creepers 3: El Regreso del Demonio","Jeepers Creepers 3","2017","1.00","0","6"
"855","John Wick: Chapter 2","movie","peliculas, accion","OK","John Wick 2: Un Nuevo Día para Matar","John Wick: Chapter 2","2017","1.00","0","25"
"856","John Wick: Chapter 3 - Parabellum","movie","peliculas, accion","OK","John Wick 3: Parabellum","John Wick: Chapter 3 - Parabellum","2019","1.00","0","18"
"857","John Wick: Chapter 4","movie","peliculas, accion","OK","John Wick 4","John Wick: Chapter 4","2023","1.00","0","28"
"858","JoJo's Bizarre Adventure","tv","anime, accion","OK","JoJo's Bizarre Adventure","ジョジョの奇妙な冒険","2012","1.00","0","66"
"859","Joker: Folie à Deux","movie","peliculas, drama","OK","Guasón 2: Folie à Deux","Joker: Folie à Deux","2024","1.00","0","16"
"860","Ju-On: Origins","tv","series, terror","OK","Ju-on: Origenes","呪怨：呪いの家","2020","0.70","0","6"
"861","Jujutsu Kaisen","tv","anime, accion, terror","OK","Jujutsu Kaisen","呪術廻戦","2020","1.00","0","92"
"862","Junji Ito Collection","tv","anime, terror","OK","Junji Ito Collection","伊藤潤二「コレクション」","2018","1.00","0","9"
"863","Junji Ito Maniac: Japanese Tales of the Macabre","tv","anime, terror","OK","Junji Ito Maniac: Relatos japoneses de lo macabro","伊藤潤二『マニアック』","2023","0.77","0","15"
"864","Jurassic Park III","movie","peliculas, cienciaficcion, accion","OK","Parque Jurásico III","Jurassic Park III","2001","1.00","0","1"
"865","Jurassic World Rebirth","movie","peliculas, accion, cienciaficcion","OK","Jurassic World: Renace","Jurassic World Rebirth","2025","1.00","0","45"
"866","Jurassic World: Camp Cretaceous","tv","infantil, accion, cienciaficcion","OK","Jurassic World: Campamento Cretácico","Jurassic World Camp Cretaceous","2020","1.00","0","16"
"867","Jurassic World: Chaos Theory","tv","infantil, accion, cienciaficcion","OK","Jurassic World: Teoría del dinocaos","Jurassic World: Chaos Theory","2024","1.00","0","39"
"868","Jurassic World: Fallen Kingdom","movie","peliculas, cienciaficcion, accion","OK","Jurassic World 2: El Reino Caído","Jurassic World: Fallen Kingdom","2018","1.00","0","14"
"869","K-On!","tv","anime, comedia","OK","K-on!","けいおん!","2009","1.00","0","19"
"870","Kaiju No. 8","tv","anime, accion","OK","Kaiju No. 8","怪獣８号","2024","1.00","0","35"
"871","Kaiju No. 8: Mission Recon","movie","anime, accion","OK","Kaiju No. 8: Misión de reconocimiento","怪獣８号 第1期総集編／同時上映「保科の休日」","2025","0.84","0","8"
"872","Karakuri Circus","tv","anime, accion, drama","OK","Karakuri Circus","からくりサーカス","2018","1.00","0","8"
"873","Karate Kid: Legends","movie","peliculas, drama, accion","OK","Karate Kid: Leyendas","Karate Kid: Legends","2025","1.00","0","20"
"874","Kingdom of the Planet of the Apes","movie","peliculas, drama, accion, cienciaficcion","OK","El planeta de los simios: Nuevo reino","Kingdom of the Planet of the Apes","2024","1.00","0","18"
"875","Kong: Skull Island","movie","peliculas, accion, cienciaficcion","OK","Kong: La Isla Calavera","Kong: Skull Island","2017","1.00","0","24"
"876","Kraven the Hunter","movie","peliculas, accion","OK","Kraven el cazador","Kraven the Hunter","2024","1.00","0","26"
"877","Kung Fu Panda: The Dragon Knight","tv","infantil, comedia, accion","OK","Kung Fu Panda: El Guerrero Dragón","Kung Fu Panda: The Dragon Knight","2022","1.00","0","20"
"878","La chica enmascarada","tv","series, drama","OK","La chica enmascarada","마스크걸","2023","1.00","0","8"
"879","La Gloria","tv","series, drama","OK","La gloria","더 글로리","2022","1.00","0","19"
"880","La vigilante del futuro: Ghost in the Shell","movie","peliculas, accion, cienciaficcion","OK","La vigilante del futuro: Ghost in the Shell","Ghost in the Shell","2017","1.00","0","18"
"881","Las Leyendas","tv","infantil, comedia, drama","OK","Las Leyendas","Las Leyendas","2017","1.00","0","7"
"882","Las Leyendas: Creaturas Ocultas","tv","infantil, terror, comedia","OK","Las Leyendas: Creaturas Ocultas","Las Leyendas: Creaturas Ocultas","2019","1.00","0","9"
"883","Las Perrerías de Mike","tv","infantil, comedia","OK","Las Perrerías de Mike","Las Perrerías de Mike","2020","1.00","0","1"
"884","Last Bullet","movie","peliculas, accion","OK","The Last Bullet","The Last Bullet","1995","1.00","0","1"
"885","Lee Cronin's The Mummy","movie","peliculas, terror, drama","OK","La posesión de la momia","Lee Cronin's The Mummy","2026","1.00","0","50"
"886","Lego Star Wars: The Padawan Menace","movie","infantil, comedia, accion","OK","LEGO Star Wars: The Padawan Menace","LEGO Star Wars: The Padawan Menace","2011","1.00","0","2"
"887","Leprechaun 2","movie","peliculas, terror, comedia","OK","El duende maldito 2","Leprechaun 2","1994","1.00","0","3"
"888","Leprechaun 4: In Space","movie","peliculas, terror, comedia","OK","El duende maldito 4: En el espacio","Leprechaun 4: In Space","1997","1.00","0","4"
"889","Leprechaun Returns","movie","peliculas, terror, comedia","OK","El Duende Maldito Regresa","Leprechaun Returns","2018","1.00","0","4"
"890","Leroy & Stitch","movie","infantil, comedia, cienciaficcion","OK","Leroy y Stitch","Leroy & Stitch","2006","1.00","0","5"
"891","Lightyear","movie","infantil, cienciaficcion, accion","OK","Lightyear","Lightyear","2022","1.00","0","13"
"892","Lilo & Stitch 2: Stitch Has a Glitch","movie","infantil, comedia, cienciaficcion","OK","Lilo y Stitch 2: Stitch en cortocircuito","Lilo & Stitch 2: Stitch Has a Glitch","2005","1.00","0","7"
"893","Little Demon","tv","series, comedia, terror","OK","Pequeña diabla","Little Demon","2022","1.00","0","9"
"894","Little Witch Academia","tv","anime, comedia","OK","Little Witch Academia","リトルウィッチアカデミア","2017","1.00","0","9"
"895","Live Free or Die Hard","movie","peliculas, accion","OK","Duro de matar 4.0","Live Free or Die Hard","2007","1.00","0","15"
"896","Loki","tv","series, accion, cienciaficcion","OK","Loki","Loki","2021","1.00","0","58"
"897","LOL Surprise! House of Surprises","tv","infantil, comedia","OK","L.O.L. Surprise! House of Surprises","L.O.L. Surprise! House of Surprises","2021","0.86","0","4"
"898","Longlegs","movie","peliculas, terror","OK","Longlegs: Coleccionista de almas","Longlegs","2024","1.00","0","13"
"899","Lord of Mysteries","tv","anime, accion, cienciaficcion","OK","Lord of Mysteries","诡秘之主","2025","1.00","0","22"
"900","Lost","tv","series, drama","OK","Lost","Lost","2004","1.00","0","89"
"901","Lost Bullet","movie","peliculas, accion","OK","JFK: The Lost Bullet","JFK: The Lost Bullet","2011","0.83","0","1"
"902","Lost Treasures of Egypt","tv","series, documental","OK","Tesoros perdidos de Egipto","Lost Treasures of Egypt","2019","1.00","0","5"
"903","Lost Treasures of the Maya","tv","series, documental","OK","Lost Treasures of the Maya","Lost Treasures of the Maya","2019","1.00","0","2"
"904","Love, Death & Robots","tv","series, cienciaficcion","OK","Love, Death & Robots","Love, Death & Robots","2019","1.00","0","32"
"905","Mad Max 2: The Road Warrior","movie","peliculas, accion, cienciaficcion","OK","Mad Max 2: El Guerrero de la Carretera","Mad Max 2","1981","0.56","0","11"
"906","Mad Max: Fury Road","movie","peliculas, accion, cienciaficcion","OK","Mad Max: Furia en el camino","Mad Max: Fury Road","2015","1.00","0","59"
"907","Madagascar","movie","infantil, comedia","OK","Madagascar","Madagascar","2005","1.00","0","20"
"908","Madagascar 3: Europe's Most Wanted","movie","infantil, comedia","OK","Madagascar 3: Los Fugitivos","Madagascar 3: Europe's Most Wanted","2012","1.00","0","16"
"909","Madagascar: Escape 2 Africa","movie","infantil, comedia","OK","Madagascar 2: Escape de África","Madagascar: Escape 2 Africa","2008","1.00","0","17"
"910","Maleficent","movie","infantil, accion, drama","OK","Maléfica","Maleficent","2014","1.00","0","17"
"911","Maleficent: Mistress of Evil","movie","infantil, accion, drama","OK","Maléfica 2: La Dueña del Mal","Maleficent: Mistress of Evil","2019","1.00","0","19"
"912","Mars Attacks!","movie","peliculas, comedia, cienciaficcion","OK","¡Marcianos al ataque!","Mars Attacks!","1996","1.00","0","10"
"913","Marvel Super Hero Adventures: Frost Fight!","movie","infantil, accion","OK","Las aventuras de los superhéroes de Marvel: ¡Combate sobre hielo!","Marvel Super Hero Adventures: Frost Fight!","2015","1.00","0","3"
"914","Mashle: Magic and Muscles","tv","anime, accion, comedia","OK","MASHLE: MAGIC AND MUSCLES","マッシュル-MASHLE-","2023","1.00","0","25"
"915","Materialists","movie","peliculas, comedia, romance","OK","Amores materialistas","Materialists","2025","1.00","0","14"
"916","Maya and the Three","tv","infantil, accion, drama","OK","Maya y los tres","Maya y los tres","2021","0.71","0","12"
"917","McGregor Forever","tv","series, documental","OK","McGregor Forever","McGREGOR FOREVER","2023","1.00","0","3"
"918","Memoir of a Snail","movie","peliculas, drama, comedia","OK","Memorias de un caracol","Memoir of a Snail","2024","1.00","0","10"
"919","Men in Black 3","movie","peliculas, comedia, accion, cienciaficcion","OK","Hombres de Negro 3","Men in Black 3","2012","1.00","0","12"
"920","Men in Black II","movie","peliculas, comedia, accion, cienciaficcion","OK","Hombres de Negro 2","Men in Black II","2002","1.00","0","14"
"921","Merlí: Sapere Aude","tv","series, drama","OK","Merlí. Sapere Aude","Merlí. Sapere Aude","2019","1.00","0","4"
"922","Mi vecino Totoro","movie","anime, drama","OK","Mi vecino Totoro","となりのトトロ","1988","1.00","0","19"
"923","Midsommar","movie","peliculas, terror, drama","OK","Midsommar: el terror no espera la noche","Midsommar","2019","1.00","0","23"
"924","Mike's New Car","movie","infantil, comedia","OK","El nuevo automóvil de Mike","Mike's New Car","2002","1.00","0","5"
"925","Minions: The Rise of Gru","movie","infantil, comedia","OK","Minions: Nace un villano","Minions: The Rise of Gru","2022","1.00","0","25"
"926","Mis vecinos los Yamada","movie","anime, comedia","OK","Mis vecinos los Yamada","ホーホケキョ となりの山田くん","1999","1.00","0","4"
"927","Mission: Impossible - Fallout","movie","peliculas, accion","OK","Misión Imposible 6: Repercusión","Mission: Impossible - Fallout","2018","1.00","0","18"
"928","Mission: Impossible - Ghost Protocol","movie","peliculas, accion","OK","Misión imposible 4: Protocolo fantasma","Mission: Impossible - Ghost Protocol","2011","1.00","0","14"
"929","Mission: Impossible - Rogue Nation","movie","peliculas, accion","OK","Misión Imposible 5: Nación Secreta","Mission: Impossible - Rogue Nation","2015","1.00","0","15"
"930","Mission: Impossible III","movie","peliculas, accion","OK","Misión: Imposible 3","Mission: Impossible III","2006","1.00","0","16"
"931","Moana 2","movie","infantil, comedia","OK","Moana 2","Moana 2","2024","1.00","0","28"
"932","Monster: The Ed Gein Story","tv","series, drama, terror","OK","Monstruo: La historia de Ed Gein","Monster: The Ed Gein Story","2025","1.00","0","33"
"933","Monsters University","movie","infantil, comedia","OK","Monsters University","Monsters University","2013","1.00","0","19"
"934","Moon Knight","tv","series, accion","OK","Moon Knight","Moon Knight","2022","1.00","0","25"
"935","Morbius","movie","peliculas, accion, cienciaficcion, terror","OK","Morbius","Morbius","2022","1.00","0","11"
"936","Motherland: Fort Salem","tv","series, drama","OK","Motherland: Fort Salem","Motherland: Fort Salem","2020","1.00","0","12"
"937","Mr. Bean","tv","series, comedia","OK","Mr. Bean","Mr. Bean","1990","1.00","0","30"
"938","Mr. Pickles","tv","series, comedia, terror","OK","Mr. Pickles","Mr. Pickles","2014","1.00","0","11"
"939","Mr. Robot","tv","series, drama, cienciaficcion","OK","Mr. Robot","Mr. Robot","2015","1.00","0","37"
"940","Mufasa: The Lion King","movie","infantil, drama, accion","OK","Mufasa: El rey león","Mufasa: The Lion King","2024","1.00","0","26"
"941","Mulan (2020)","movie","peliculas, accion, drama","OK","Mulán","Mulan","2020","1.00","0","12"
"942","Mulan II","movie","infantil, comedia, drama","OK","Mulan II","Mulan II","2004","1.00","0","7"
"943","My Hero Academia","tv","anime, accion","OK","My Hero Academia","僕のヒーローアカデミア","2016","1.00","0","21"
"944","My Hero Academia: Heroes Rising","movie","anime, accion","OK","My Hero Academia: El Despertar de los Héroes","僕のヒーローアカデミア THE MOVIE ヒーローズ：ライジング","2019","0.72","0","7"
"945","My Hero Academia: Two Heroes","movie","anime, accion","OK","My Hero Academia: El Despertar de los Héroes","僕のヒーローアカデミア THE MOVIE ヒーローズ：ライジング","2019","0.78","0","7"
"946","My Hero Academia: Vigilantes","tv","anime, accion","OK","My Hero Academia: Vigilantes","ヴィジランテ -僕のヒーローアカデミア ILLEGALS-","2025","1.00","0","40"
"947","My Hero Academia: World Heroes Mission","movie","anime, accion","OK","Boku no Hero Academia: Misión Mundial de Héroes","僕のヒーローアカデミア THE MOVIE ワールド ヒーローズ ミッション","2021","0.65","0","6"
"948","My Hero Academia: You're Next","movie","anime, accion","OK","My Hero Academia: Ahora es tu turno","僕のヒーローアカデミア THE MOVIE ユアネクスト","2024","0.61","0","8"
"949","My Penguin Friend","movie","peliculas, drama","OK","Mi Amigo El Pingüino","My Penguin Friend","2024","1.00","0","5"
"950","Naked Gun 33⅓: The Final Insult","movie","peliculas, comedia","OK","¿Y dónde está el policía? 33⅓: El insulto final","Naked Gun 33⅓: The Final Insult","1994","1.00","0","10"
"951","Naruto","tv","anime, accion","OK","Naruto","ナルト","2002","1.00","0","62"
"952","Naruto Shippuden","tv","anime, accion","OK","Naruto Shippuden","ナルト 疾風伝","2007","1.00","0","55"
"953","Naruto Shippuden the Movie","movie","anime, accion","OK","The Last: Naruto la película","THE LAST -NARUTO THE MOVIE-","2014","0.59","0","9"
"954","Naruto Shippuden the Movie: Blood Prison","movie","anime, accion","OK","Naruto Shippuden 5: Prisión De Sangre","劇場版 NARUTO -ナルト- ブラッド・プリズン","2011","0.66","0","5"
"955","Naruto Shippuden the Movie: Bonds","movie","anime, accion","OK","Naruto Shippuden 2: Lazos","劇場版 NARUTO -ナルト- 疾風伝 絆","2008","0.64","0","6"
"956","Naruto Shippuden the Movie: The Lost Tower","movie","anime, accion","OK","Naruto Shippuden 4: La Torre Perdida","劇場版 NARUTO -ナルト- 疾風伝 ザ・ロストタワー","2010","0.62","0","5"
"957","National Geographic: Los Ciclos de la Tierra","tv","series, documental","OK","Los Ciclos de la Tierra","Earth Moods","2021","0.60","0","2"
"958","National Treasure","movie","peliculas, accion","OK","La leyenda del tesoro perdido","National Treasure","2004","1.00","0","15"
"959","National Treasure: Book of Secrets","movie","peliculas, accion","OK","La leyenda del tesoro perdido 2: El libro de los secretos","National Treasure: Book of Secrets","2007","1.00","0","12"
"960","Nausicaä of the Valley of the Wind","movie","anime, cienciaficcion, drama, accion","OK","Nausicaä del Valle del Viento","風の谷のナウシカ","1984","0.68","0","22"
"961","Negocio letal","tv","series, accion, drama","OK","Negocio letal","킬러들의 쇼핑몰","2024","1.00","0","50"
"962","Neon Genesis Evangelion","tv","anime, cienciaficcion, drama, accion","OK","Neon Genesis Evangelion","新世紀エヴァンゲリオン","1995","1.00","0","28"
"963","NieR: Automata Ver1.1a","tv","anime, drama, accion, cienciaficcion","OK","NieR:Automata Ver1.1a","NieR:Automata Ver1.1a","2023","1.00","0","19"
"964","Night at the Museum","movie","peliculas, comedia","OK","Una noche en el museo","Night at the Museum","2006","1.00","0","16"
"965","Night at the Museum: Battle of the Smithsonian","movie","peliculas, comedia","OK","Una Noche en el Museo 2: La Batalla del Smithsoniano","Night at the Museum: Battle of the Smithsonian","2009","1.00","0","11"
"966","Night at the Museum: Secret of the Tomb","movie","peliculas, comedia","OK","Una Noche en el Museo 3: El Secreto de la Tumba","Night at the Museum: Secret of the Tomb","2014","1.00","0","15"
"967","Ninja Kamui","tv","anime, accion","OK","Ninja Kamui","Ninja Kamui","2024","1.00","0","18"
"968","Not Another Teen Movie","movie","peliculas, comedia","OK","No es otra tonta película americana","Not Another Teen Movie","2001","1.00","0","10"
"969","Obi-Wan Kenobi","tv","series, cienciaficcion, accion","OK","Obi-Wan Kenobi","Obi-Wan Kenobi","2022","1.00","0","13"
"970","Obi-Wan Kenobi: A Jedi's Return","movie","peliculas, documental","OK","Obi-Wan Kenobi: El regreso del Jedi","Obi-Wan Kenobi: A Jedi's Return","2022","1.00","0","6"
"971","Odd Taxi","tv","anime","OK","ODDTAXI","オッドタクシー","2021","0.77","0","12"
"972","Olaf's Frozen Adventure","movie","infantil, comedia","OK","Olaf: Otra aventura congelada de Frozen","Olaf's Frozen Adventure","2017","1.00","0","10"
"973","Olive Kitteridge","tv","series, drama","OK","Olive Kitteridge","Olive Kitteridge","2014","1.00","0","5"
"974","Oliver & Company","movie","infantil, comedia, drama","OK","Oliver y su pandilla","Oliver & Company","1988","1.00","0","8"
"975","Once Upon a Snowman","movie","infantil, comedia","OK","Érase una Vez un Muñeco de Nieve","Once Upon a Snowman","2020","1.00","0","7"
"976","One Hundred and One Dalmatians","movie","infantil, comedia","OK","La noche de las narices frías","One Hundred and One Dalmatians","1961","1.00","0","15"
"977","One Perfect Shot","tv","series, documental","OK","La toma perfecta","One Perfect Shot","2022","1.00","0","2"
"978","One Piece Live Action","tv","series, accion","OK","ONE PIECE","ONE PIECE","2023","0.64","0","29"
"979","One Punch Man","tv","anime, accion, comedia","OK","One Punch Man","ワンパンマン","2015","1.00","0","32"
"980","Oni: Thunder God's Tale","tv","infantil, accion, drama","OK","Oni: La leyenda del dios del trueno","ONI: Thunder God's Tale","2022","1.00","0","5"
"981","Orange is the New Black","tv","series, drama, comedia","OK","Orange Is the New Black","Orange Is the New Black","2013","1.00","0","56"
"982","Orphan Black","tv","series, cienciaficcion, drama","OK","Orphan Black","Orphan Black","2013","1.00","0","22"
"983","Overlord","tv","anime, accion","OK","Overlord","オーバーロード","2015","1.00","0","32"
"984","Ozark","tv","series, drama","OK","Ozark","Ozark","2017","1.00","0","33"
"985","Pablo Escobar: El Patron del Mal","tv","series, drama","OK","Pablo Escobar: El Patrón del Mal","Pablo Escobar: El Patrón del Mal","2012","1.00","0","24"
"986","Pantheon","tv","series, cienciaficcion, drama","OK","Panteón","Pantheon","2022","1.00","0","16"
"987","Paradox Effect","movie","peliculas, accion","OK","Efecto paradoja","Paradox Effect","2024","1.00","0","3"
"988","Paranormal Activity 2","movie","peliculas, terror","OK","Actividad Paranormal 2","Paranormal Activity 2","2010","1.00","0","7"
"989","Paranormal Activity 4","movie","peliculas, terror","OK","Actividad Paranormal 4","Paranormal Activity 4","2012","1.00","0","8"
"990","Paranormal Activity: Next of Kin","movie","peliculas, terror","OK","Actividad Paranormal: Vínculos Familiares","Paranormal Activity: Next of Kin","2021","1.00","0","5"
"991","Paranormal Activity: The Ghost Dimension","movie","peliculas, terror","OK","Actividad Paranormal: La dimensión fantasma","Paranormal Activity: The Ghost Dimension","2015","1.00","0","5"
"992","Paranormal Activity: The Marked Ones","movie","peliculas, terror","OK","Actividad Paranormal: Los marcados","Paranormal Activity: The Marked Ones","2014","1.00","0","6"
"993","ParaNorman","movie","infantil, terror, comedia","OK","Paranorman","ParaNorman","2012","1.00","0","10"
"994","Party Central","movie","infantil, comedia","OK","Party Central","Party Central","2014","1.00","0","4"
"995","Paul Blart: Mall Cop 2","movie","peliculas, comedia, accion","OK","Héroe De Centro Comercial 2","Paul Blart: Mall Cop 2","2015","1.00","0","8"
"996","Peaky Blinders: The Immortal Man","movie","peliculas, drama, accion","OK","Peaky Blinders: El hombre inmortal","Peaky Blinders: The Immortal Man","2026","1.00","0","18"
"997","Pee-wee's Big Adventure","movie","peliculas, comedia","OK","La Gran Aventura de Pee-Wee","Pee-wee's Big Adventure","1985","1.00","0","4"
"998","Perfect Addiction","movie","peliculas, drama, romance","OK","Adicción perfecta","Perfect Addiction","2023","1.00","0","6"
"999","Pesadilla en la calle Elm","movie","peliculas, terror","OK","Pesadilla en la calle Elm","A Nightmare on Elm Street","2010","1.00","0","11"
"1000","Pet Sematary: Bloodlines","movie","peliculas, terror, drama","OK","Cementerio de Mascotas: El Origen","Pet Sematary: Bloodlines","2023","1.00","0","6"
"1001","Peter Pan & Wendy","movie","peliculas","OK","Peter Pan y Wendy","Peter Pan & Wendy","2023","1.00","0","9"
"1002","Pinocho de Guillermo del Toro","movie","peliculas, drama, comedia","OK","Pinocho de Guillermo del Toro","Guillermo del Toro's Pinocchio","2022","1.00","0","9"
"1003","Pirates of the Caribbean: At World's End","movie","peliculas, accion, comedia","OK","Piratas del Caribe 3: En el Fin del Mundo","Pirates of the Caribbean: At World's End","2007","1.00","0","25"
"1004","Pirates of the Caribbean: Dead Man's Chest","movie","peliculas, accion, comedia","OK","Piratas del Caribe 2: El Cofre de la Muerte","Pirates of the Caribbean: Dead Man's Chest","2006","1.00","0","28"
"1005","Pirates of the Caribbean: Dead Men Tell No Tales","movie","peliculas, accion, comedia","OK","Piratas del Caribe 5: La Venganza de Salazar","Pirates of the Caribbean: Dead Men Tell No Tales","2017","1.00","0","18"
"1006","Pirates of the Caribbean: On Stranger Tides","movie","peliculas, accion, comedia","OK","Piratas del Caribe 4: Navegando Aguas Misteriosas","Pirates of the Caribbean: On Stranger Tides","2011","1.00","0","24"
"1007","Pirates of the Caribbean: The Curse of the Black Pearl","movie","peliculas, accion, comedia","OK","Piratas del Caribe: La Maldición del Perla Negra","Pirates of the Caribbean: The Curse of the Black Pearl","2003","1.00","0","32"
"1008","Pitch Perfect 2","movie","peliculas, comedia","OK","Más Notas Perfectas","Pitch Perfect 2","2015","1.00","0","12"
"1009","Pitch Perfect 3","movie","peliculas, comedia","OK","Notas Perfectas 3","Pitch Perfect 3","2017","1.00","0","7"
"1010","Pocoyo","tv","infantil, comedia","OK","Pocoyó","Pocoyo","2005","1.00","0","17"
"1011","Pokémon","tv","anime, accion, comedia","OK","Pokémon","ポケットモンスター","1997","1.00","0","78"
"1012","Porco Rosso","movie","anime, comedia, accion","OK","Porco Rosso","紅の豚","1992","1.00","0","9"
"1013","Power Rangers: Once & Always","movie","peliculas, accion, cienciaficcion","OK","Power Rangers: Ayer, hoy y siempre","Mighty Morphin Power Rangers: Once & Always","2023","0.75","0","3"
"1014","Predator 2","movie","peliculas, accion, cienciaficcion, terror","OK","Depredador 2","Predator 2","1990","1.00","0","12"
"1015","Proyecto Fin del Mundo","movie","peliculas, accion, cienciaficcion","OK","Proyecto Fin del Mundo","Project Hail Mary","2026","1.00","0","113"
"1016","Puss in Boots: The Last Wish","movie","infantil, comedia, accion","OK","Gato con Botas: El último deseo","Puss in Boots: The Last Wish","2022","1.00","0","26"
"1017","Raya and the Last Dragon","movie","infantil, accion, drama","OK","Raya y El Último Dragón","Raya and the Last Dragon","2021","1.00","0","21"
"1018","Reacher","tv","series, accion","OK","Reacher","Reacher","2022","1.00","0","628"
"1019","Recess","tv","infantil, comedia","OK","Recreo","Recess","1997","1.00","0","22"
"1020","Record of Ragnarok","tv","anime, accion","OK","Record of Ragnarok","終末のワルキューレ","2021","1.00","0","15"
"1021","Red One","movie","peliculas, comedia, accion","OK","Código: Traje rojo","Red One","2024","1.00","0","21"
"1022","Regular Show","tv","infantil, comedia","OK","Un show más","Regular Show","2010","1.00","0","125"
"1023","Rent-a-Girlfriend","tv","anime, comedia, romance","OK","Rent-a-Girlfriend","彼女、お借りします","2020","1.00","0","34"
"1024","Requiem for a Dream","movie","peliculas, drama","OK","Réquiem por un Sueño","Requiem for a Dream","2000","1.00","0","8"
"1025","Resident Evil: Afterlife","movie","peliculas, terror, accion, cienciaficcion","OK","Resident Evil 4: La resurrección","Resident Evil: Afterlife","2010","1.00","0","1"
"1026","Resident Evil: Extinction","movie","peliculas, terror, accion, cienciaficcion","OK","Resident Evil 3: La extinción","Resident Evil: Extinction","2007","1.00","0","4"
"1027","Resident Evil: Retribution","movie","peliculas, terror, accion, cienciaficcion","OK","Resident Evil 5: La venganza","Resident Evil: Retribution","2012","1.00","0","1"
"1028","Resident Evil: Welcome to Raccoon City","movie","peliculas, terror, accion","OK","Resident Evil: Bienvenidos a Raccoon City","Resident Evil: Welcome to Raccoon City","2021","1.00","0","13"
"1029","Rick and Morty","tv","series, comedia, cienciaficcion","OK","Rick y Morty","Rick and Morty","2013","1.00","0","176"
"1030","Rick and Morty: The Anime","tv","anime, comedia, cienciaficcion","OK","Rick y Morty: El Anime","Rick and Morty: The Anime","2024","1.00","0","21"
"1031","Rio","movie","infantil, comedia","OK","Río","Rio","2011","1.00","0","15"
"1032","Rio 2","movie","infantil, comedia","OK","Río 2","Rio 2","2014","1.00","0","10"
"1033","Road to Ninja: Naruto the Movie","movie","anime, accion","OK","Naruto Shippuden 6: Road to Ninja","ROAD TO NINJA -NARUTO THE MOVIE-","2012","1.00","0","6"
"1034","Robot Dreams","movie","peliculas, comedia, drama","OK","Mi Amigo Robot","Robot Dreams","2023","1.00","0","9"
"1035","Rocket Power","tv","infantil, comedia, accion","OK","Rocket Power","Rocket Power","1999","1.00","0","12"
"1036","Rocky","movie","peliculas, drama, accion","OK","Rocky","Rocky","1976","1.00","0","15"
"1037","Rocky Balboa","movie","peliculas, drama, accion","OK","Rocky Balboa","Rocky Balboa","2006","1.00","0","10"
"1038","Rocky III","movie","peliculas, drama, accion","OK","Rocky III","Rocky III","1982","1.00","0","11"
"1039","Rocky IV","movie","peliculas, drama, accion","OK","Rocky IV","Rocky IV","1985","1.00","0","12"
"1040","Rogue One: A Star Wars Story","movie","peliculas, cienciaficcion, accion","OK","Star Wars: Rogue One","Rogue One: A Star Wars Story","2016","1.00","0","15"
"1041","Rome","tv","series, drama","OK","Roma","Rome","2005","1.00","0","23"
"1042","Romper el círculo","movie","peliculas, drama, romance","OK","Romper el círculo","It Ends with Us","2024","1.00","0","12"
"1043","Roswell, New Mexico","tv","series, drama, cienciaficcion, romance","OK","Roswell, Nuevo Mexico","Roswell, New Mexico","2019","1.00","0","11"
"1044","Rugal","tv","series, accion, cienciaficcion","OK","Rugal","루갈","2020","1.00","0","5"
"1045","Rush Hour 2","movie","peliculas, comedia, accion","OK","Una pareja explosiva 2","Rush Hour 2","2001","1.00","0","13"
"1046","Rush Hour 3","movie","peliculas, comedia, accion","OK","Una pareja explosiva 3","Rush Hour 3","2007","1.00","0","11"
"1047","Saint Seiya","tv","anime, accion","OK","Saint Seiya: Los Caballeros del Zodiaco","SAINT SEIYA: Knights of the Zodiac","2019","0.57","0","15"
"1048","Saint Seiya: Legend of Sanctuary","movie","anime, accion","OK","Los Caballeros del Zodiaco: La leyenda del Santuario","聖闘士星矢 LEGEND of SANCTUARY","2014","0.75","0","5"
"1049","Saint Seiya: Saintia Sho","tv","anime, accion","OK","Saint Seiya Saintia Shō","聖闘士星矢 セインティア翔","2018","1.00","0","8"
"1050","Saint Seiya: Soul of Gold","tv","anime, accion","OK","Los Caballeros del Zodiaco: Alma de Oro","聖闘士星矢 黄金魂 -soul of gold-","2015","0.59","0","10"
"1051","Saint Seiya: The Lost Canvas","tv","anime, accion","OK","Los Guerreros del Zodiaco: El Lienzo Perdido","聖闘士星矢 THE LOST CANVAS 冥王神話","2009","0.65","0","11"
"1052","San Andreas","movie","peliculas, accion","OK","Terremoto: La Falla De San Andrés","San Andreas","2015","1.00","0","14"
"1053","Saw","movie","peliculas, terror","OK","El juego del miedo","Saw","2004","1.00","0","19"
"1054","Saw 3D","movie","peliculas, terror","OK","El juego del miedo 7","Saw 3D","2010","1.00","0","8"
"1055","Saw III","movie","peliculas, terror","OK","El juego del miedo 3","Saw III","2006","1.00","0","9"
"1056","Saw IV","movie","peliculas, terror","OK","El juego del miedo 4","Saw IV","2007","1.00","0","9"
"1057","Saw VI","movie","peliculas, terror","OK","El juego del miedo 6","Saw VI","2009","1.00","0","8"
"1058","Saw X","movie","peliculas, terror","OK","Saw X: El juego del miedo","Saw X","2023","1.00","0","13"
"1059","Scary Movie 2","movie","peliculas, terror, comedia","OK","Scary Movie 2: Otra película de miedo","Scary Movie 2","2001","1.00","0","16"
"1060","Scary Movie 3","movie","peliculas, terror, comedia","OK","Scary Movie 3","Scary Movie 3","2003","1.00","0","14"
"1061","Scary Movie 4","movie","peliculas, terror, comedia","OK","Scary Movie 4: Descuartizados de miedo","Scary Movie 4","2006","1.00","0","12"
"1062","Scream 2","movie","peliculas, terror","OK","Scream 2: Grita y vuelve a Gritar","Scream 2","1997","1.00","0","13"
"1063","Scream 3","movie","peliculas, terror","OK","Scream 3: La Máscara de la Muerte","Scream 3","2000","1.00","0","10"
"1064","Scream 4","movie","peliculas, terror","OK","Scream 4","Scream 4","2011","1.00","0","14"
"1065","Scream 7","movie","peliculas, terror","OK","Scream 7","Scream 7","2026","1.00","0","24"
"1066","Scream VI","movie","peliculas, terror","OK","Scream 6","Scream VI","2023","1.00","0","16"
"1067","SEAL Team","tv","series, accion, drama","OK","Equipo Seal","SEAL Team","2017","1.00","0","114"
"1068","Secret Invasion","tv","series, accion","OK","Invasión secreta","Secret Invasion","2023","1.00","0","15"
"1069","See for Me","movie","peliculas, accion","OK","A Ciegas","See for Me","2022","1.00","0","3"
"1070","Señor Reina","tv","series, comedia, drama","OK","Señor Reina","철인왕후","2020","1.00","0","10"
"1071","Serial Experiments Lain","tv","anime, drama, cienciaficcion","OK","Serial Experiments Lain","serial experiments lain","1998","1.00","0","10"
"1072","Shadows House","tv","anime, drama","OK","Shadows House","シャドーハウス","2021","1.00","0","14"
"1073","Shang-Chi and the Legend of the Ten Rings","movie","peliculas, accion","OK","Shang-Chi y la leyenda de los Diez Anillos","Shang-Chi and the Legend of the Ten Rings","2021","1.00","0","29"
"1074","Sherlock Holmes: A Game of Shadows","movie","peliculas, accion","OK","Sherlock Holmes: Juego de sombras","Sherlock Holmes: A Game of Shadows","2011","1.00","0","10"
"1075","Shrek","movie","infantil, comedia","OK","Shrek","Shrek","2001","1.00","0","31"
"1076","Shrek 2","movie","infantil, comedia","OK","Shrek 2","Shrek 2","2004","1.00","0","22"
"1077","Shrek Forever After","movie","infantil, comedia","OK","Shrek 4: Para Siempre","Shrek Forever After","2010","1.00","0","21"
"1078","Shrek the Halls","movie","infantil, comedia","OK","Shrek ogrorisa la Navidad","Shrek the Halls","2007","1.00","0","6"
"1079","Shrek the Third","movie","infantil, comedia","OK","Shrek Tercero","Shrek the Third","2007","1.00","0","20"
"1080","Shutter Island","movie","peliculas, drama, terror","OK","La Isla Siniestra","Shutter Island","2010","1.00","0","27"
"1081","Signal","tv","series, drama, cienciaficcion","OK","La señal","Das Signal","2024","0.71","0","5"
"1082","Silent Hill: Revelation","movie","peliculas, terror","OK","Terror en Silent Hill 2: La revelación","Silent Hill: Revelation 3D","2012","0.93","0","10"
"1083","Sinister 2","movie","peliculas, terror","OK","Siniestro 2","Sinister 2","2015","1.00","0","7"
"1084","Sister Death","movie","peliculas, terror","OK","Death to Sister Mary","Death to Sister Mary","1974","0.67","0","1"
"1085","SK8 the Infinity","tv","anime, drama","OK","SK8 the Infinity","SK∞ エスケーエイト","2021","1.00","0","19"
"1086","Skyfall","movie","peliculas, accion","OK","007: Operación Skyfall","Skyfall","2012","1.00","0","16"
"1087","Smile 2","movie","peliculas, terror","OK","Sonríe 2","Smile 2","2024","1.00","0","15"
"1088","Solo: A Star Wars Story","movie","peliculas, cienciaficcion, accion","OK","Han Solo: Una historia de Star Wars","Solo: A Star Wars Story","2018","1.00","0","17"
"1089","Sonic Prime","tv","series, accion","OK","Sonic Prime","Sonic Prime","2022","1.00","0","23"
"1090","Sonic the Hedgehog 2","movie","peliculas, comedia, accion","OK","Sonic 2: La película","Sonic the Hedgehog 2","2022","1.00","0","22"
"1091","Sonic the Hedgehog 3","movie","peliculas, comedia, accion","OK","Sonic 3: La película","Sonic the Hedgehog 3","2024","1.00","0","30"
"1092","Soul Eater","tv","anime, accion","OK","Soul Eater","ソウルイーター","2008","1.00","0","20"
"1093","Space Jam","movie","infantil, comedia","OK","Space Jam: El juego del siglo","Space Jam","1996","1.00","0","10"
"1094","Space Jam: A New Legacy","movie","infantil, comedia","OK","Space Jam: Una nueva era","Space Jam: A New Legacy","2021","1.00","0","16"
"1095","Species","movie","peliculas, terror, cienciaficcion","OK","Especies","Species","1995","1.00","0","9"
"1096","Species III","movie","peliculas, terror, cienciaficcion","OK","Especies III","Species III","2004","1.00","0","4"
"1097","Species: The Awakening","movie","peliculas, terror, cienciaficcion","OK","Especies IV","Species: The Awakening","2007","1.00","0","5"
"1098","Spider-Man 2","movie","peliculas, accion, cienciaficcion","OK","El hombre araña 2","Spider-Man 2","2004","1.00","0","21"
"1099","Spider-Man 3","movie","peliculas, accion, cienciaficcion","OK","El hombre araña 3","Spider-Man 3","2007","1.00","0","48"
"1100","Spider-Man: Far From Home","movie","peliculas, accion","OK","Spider-Man 2: Lejos de Casa","Spider-Man: Far From Home","2019","1.00","0","52"
"1101","Spider-Man: Homecoming","movie","peliculas, accion","OK","Spider-Man: De regreso a casa","Spider-Man: Homecoming","2017","1.00","0","79"
"1102","Spider-Man: Into the Spider-Verse","movie","infantil, accion","OK","Spider-Man: Un nuevo universo","Spider-Man: Into the Spider-Verse","2018","1.00","0","54"
"1103","Spider-Man: No Way Home","movie","peliculas, accion","OK","Spider-Man: Sin camino a casa","Spider-Man: No Way Home","2021","1.00","0","184"
"1104","Spider-Man: The Animated Series","tv","infantil, accion","OK","El Hombre-Araña: La Serie","Spider-Man: The New Animated Series","2003","0.92","0","10"
"1105","Spider-Noir","tv","series, accion, drama","OK","Spider-Noir","Spider-Noir","2026","1.00","0","32"
"1106","Spiral: From the Book of Saw","movie","peliculas, terror","OK","Espiral: El juego del miedo continúa","Spiral: From the Book of Saw","2021","1.00","0","10"
"1107","Spirited","movie","peliculas, comedia","OK","Spirited: El espíritu de las fiestas","Spirited","2022","1.00","0","8"
"1108","Spy Kids","movie","peliculas, comedia, accion","OK","Mini Espías","Spy Kids","2001","1.00","0","10"
"1109","Spy Kids 2: Island of Lost Dreams","movie","peliculas, comedia, accion","OK","Mini espías 2: La isla de los sueños perdidos","Spy Kids 2: The Island of Lost Dreams","2002","1.00","0","9"
"1110","Spy Kids 3-D: Game Over","movie","peliculas, comedia, accion","OK","Mini espías 3-D","Spy Kids 3-D: Game Over","2003","1.00","0","11"
"1111","Spy Kids: All the Time in the World","movie","peliculas, comedia, accion","OK","Mini espías 4: Los ladrones del tiempo","Spy Kids: All the Time in the World","2011","1.00","0","7"
"1112","Spy x Family","tv","anime, comedia, accion","OK","SPY×FAMILY","SPY×FAMILY","2022","0.90","0","64"
"1113","Squid Game","tv","series, accion, drama","OK","El juego del calamar: El desafío","Squid Game: The Challenge","2023","0.64","0","7"
"1114","Sr. Ávila","tv","series, drama","OK","Sr. Ávila","Sr. Ávila","2013","1.00","0","16"
"1115","Star Trek","movie","peliculas, accion, cienciaficcion","OK","Star Trek","Star Trek","2009","1.00","0","14"
"1116","Star Trek Beyond","movie","peliculas, accion, cienciaficcion","OK","Star Trek Sin Límites","Star Trek Beyond","2016","1.00","0","12"
"1117","Star Trek II: The Wrath of Khan","movie","peliculas, accion, cienciaficcion","OK","Viaje a las estrellas II: La ira de Khan","Star Trek II: The Wrath of Khan","1982","1.00","0","7"
"1118","Star Trek III: The Search for Spock","movie","peliculas, accion, cienciaficcion","OK","Viaje a las Estrellas III: La Búsqueda de Spock","Star Trek III: The Search for Spock","1984","1.00","0","5"
"1119","Star Trek Into Darkness","movie","peliculas, accion, cienciaficcion","OK","Star Trek: En la oscuridad","Star Trek Into Darkness","2013","1.00","0","15"
"1120","Star Trek IV: The Voyage Home","movie","peliculas, comedia, accion, cienciaficcion","OK","Viaje a las estrellas IV: Misión salvar a la Tierra","Star Trek IV: The Voyage Home","1986","1.00","0","8"
"1121","Star Trek V: The Final Frontier","movie","peliculas, accion, cienciaficcion","OK","Viaje a las estrellas V: La última frontera","Star Trek V: The Final Frontier","1989","1.00","0","7"
"1122","Star Trek VI: The Undiscovered Country","movie","peliculas, accion, cienciaficcion","OK","Viaje a las estrellas VI: La tierra desconocida","Star Trek VI: The Undiscovered Country","1991","1.00","0","5"
"1123","Star Trek: Generations","movie","peliculas, accion, cienciaficcion","OK","Viaje a las estrellas VII: Generaciones","Star Trek: Generations","1994","1.00","0","6"
"1124","Star Trek: Insurrection","movie","peliculas, accion, cienciaficcion","OK","Viaje a las estrellas: Insurrección","Star Trek: Insurrection","1998","1.00","0","8"
"1125","Star Trek: Nemesis","movie","peliculas, accion, cienciaficcion","OK","Viaje a las estrellas: Némesis","Star Trek: Nemesis","2002","1.00","0","7"
"1126","Star Trek: Strange New Worlds","tv","series, accion, cienciaficcion","OK","Star Trek: Extraños Nuevos Mundos","Star Trek: Strange New Worlds","2022","1.00","0","56"
"1127","Star Trek: The Motion Picture","movie","peliculas, accion, cienciaficcion","OK","Viaje a las estrellas: La película","Star Trek: The Motion Picture","1979","1.00","0","9"
"1128","Star Wars: Biomes","movie","peliculas, documental","OK","Star Wars Biomas","Star Wars Biomes","2021","1.00","0","3"
"1129","Star Wars: Episode I - The Phantom Menace","movie","peliculas, cienciaficcion, accion","OK","Star Wars: Episodio I - La amenaza fantasma","Star Wars: Episode I - The Phantom Menace","1999","1.00","0","14"
"1130","Star Wars: Episode II - Attack of the Clones","movie","peliculas, cienciaficcion, accion","OK","Star Wars: Episodio II: El Ataque de los Clones","Star Wars: Episode II - Attack of the Clones","2002","1.00","0","12"
"1131","Star Wars: Episode III - Revenge of the Sith","movie","peliculas, cienciaficcion, accion","OK","Star Wars: Episodio III - La Venganza de los Sith","Star Wars: Episode III - Revenge of the Sith","2005","1.00","0","14"
"1132","Star Wars: Episode IX - The Rise of Skywalker","movie","peliculas, cienciaficcion, accion","OK","Star Wars: El ascenso de Skywalker","Star Wars: The Rise of Skywalker","2019","0.82","0","19"
"1133","Star Wars: Episode V - The Empire Strikes Back","movie","peliculas, cienciaficcion, accion","OK","El Imperio contraataca","The Empire Strikes Back","1980","0.72","0","21"
"1134","Star Wars: Episode VII - The Force Awakens","movie","peliculas, cienciaficcion, accion","OK","Star Wars: El despertar de la fuerza","Star Wars: The Force Awakens","2015","0.78","0","18"
"1135","Star Wars: Episode VIII - The Last Jedi","movie","peliculas, cienciaficcion, accion","OK","Star Wars: Los últimos Jedi","Star Wars: The Last Jedi","2017","0.73","0","25"
"1136","Star Wars: Skeleton Crew","tv","series, cienciaficcion, accion","OK","Star Wars Skeleton Crew: Viaje a lo desconocido","Star Wars: Skeleton Crew","2024","1.00","0","13"
"1137","Star Wars: The Clone Wars","movie","infantil, accion, cienciaficcion","OK","Star Wars: Las Guerras Clónicas","Star Wars: The Clone Wars","2008","1.00","0","7"
"1138","Star Wars: The Mandalorian and Grogu","movie","peliculas, cienciaficcion, accion","OK","Star Wars: The Mandalorian and Grogu","The Mandalorian and Grogu","2026","1.00","0","62"
"1139","Star Wars: Visions","tv","anime, accion, cienciaficcion","OK","Star Wars: Visions","Star Wars: Visions","2021","1.00","0","16"
"1140","Starship Troopers 2: Hero of the Federation","movie","peliculas, accion, cienciaficcion, terror","OK","Starship Troopers 2: Héroe de la federación","Starship Troopers 2: Hero of the Federation","2004","1.00","0","6"
"1141","Starship Troopers 3: Marauder","movie","peliculas, accion, cienciaficcion","OK","Starship Troopers 3: merodeador","Starship Troopers 3: Marauder","2008","1.00","0","6"
"1142","Starship Troopers: Invasion","movie","peliculas, accion, cienciaficcion","OK","Starship Troopers: Invasión","Starship Troopers: Invasion","2012","1.00","0","5"
"1143","Steve Jobs","movie","peliculas, drama","OK","Steve Jobs","Steve Jobs","2015","1.00","0","6"
"1144","Steven Universe","tv","infantil, comedia","OK","Steven Universe","Steven Universe","2013","1.00","0","40"
"1145","Stitch! The Movie","movie","infantil, comedia, cienciaficcion","OK","La pelicula de Stitch","Stitch! The Movie","2003","1.00","0","6"
"1146","Stranger Things","tv","series, cienciaficcion, terror, drama","OK","Stranger Things","Stranger Things","2016","1.00","0","110"
"1147","Subservience","movie","peliculas, drama, cienciaficcion","OK","Alice","Subservience","2024","1.00","0","21"
"1148","Succession","tv","series, drama, comedia","OK","Succession","Succession","2018","1.00","0","46"
"1149","Suicide Squad Isekai","tv","anime, accion, comedia","OK","Escuadrón Suicida: Isekai","異世界スーサイド・スクワッド","2024","0.67","0","10"
"1150","Summer Camp Island","tv","infantil, comedia","OK","Campamento de Verano","Summer Camp Island","2018","1.00","0","28"
"1151","Super Cube","tv","anime, accion, cienciaficcion","OK","Super Cubo","超能立方","2025","0.89","0","9"
"1152","Superman & Lois","tv","series, accion, drama","OK","Superman y Lois","Superman & Lois","2021","1.00","0","41"
"1153","Sword Art Online","tv","anime, accion","OK","Sword Art Online","ソードアート・オンライン","2012","1.00","0","53"
"1154","Sword Art Online Alternative: Gun Gale Online","tv","anime, accion, cienciaficcion","OK","Sword Art Online Alternative:Gun Gale Online","ソードアート・オンライン オルタナティブ ガンゲイル・オンライン","2018","1.00","0","16"
"1155","Tall Girl 2","movie","peliculas, comedia, romance","OK","A mi altura 2","Tall Girl 2","2022","1.00","0","4"
"1156","Tekken: Bloodline","tv","anime, accion","OK","Tekken: Linaje","Tekken: Bloodline","2022","1.00","0","7"
"1157","Tengen Toppa Gurren Lagann","tv","anime, accion, cienciaficcion","OK","Gurren Lagann","天元突破グレンラガン","2007","0.71","0","22"
"1158","Terminator 3: Rise of the Machines","movie","peliculas, cienciaficcion, accion","OK","Terminator 3: La rebelión de las máquinas","Terminator 3: Rise of the Machines","2003","1.00","0","14"
"1159","Terminator Genisys","movie","peliculas, cienciaficcion, accion","OK","Terminator: Génesis","Terminator Genisys","2015","1.00","0","21"
"1160","Terminator Salvation","movie","peliculas, cienciaficcion, accion","OK","Terminator: Salvación","Terminator Salvation","2009","1.00","0","15"
"1161","Terminator: Dark Fate","movie","peliculas, cienciaficcion, accion","OK","Terminator: Destino Oculto","Terminator: Dark Fate","2019","1.00","0","20"
"1162","Terra Formars","tv","anime, terror, accion, cienciaficcion","OK","Terra Formars","テラフォーマーズ","2014","1.00","0","13"
"1163","Terrifier 2","movie","peliculas, terror","OK","Terrifier 2: El Payaso Siniestro","Terrifier 2","2022","1.00","0","11"
"1164","Terrifier 3","movie","peliculas, terror","OK","Terrifier 3: Payaso Siniestro","Terrifier 3","2024","1.00","0","14"
"1165","Texas Chainsaw 3D","movie","peliculas, terror","OK","Masacre en Texas: Herencia maldita","Texas Chainsaw 3D","2013","1.00","0","7"
"1166","Texas Chainsaw Massacre (2022)","movie","peliculas, terror","OK","La masacre de Texas","Texas Chainsaw Massacre","2022","1.00","0","9"
"1167","The 15:17 to Paris","movie","peliculas, drama","OK","15:17 Tren a París","The 15:17 to Paris","2018","1.00","0","5"
"1168","The Amazing Digital Circus","tv","series, comedia, terror","OK","El asombroso circo digital","The Amazing Digital Circus","2023","1.00","0","22"
"1169","The Amazing Digital Circus: The Last Act","movie","peliculas, comedia, terror","OK","The Amazing Digital Circus: El ultimo acto","The Amazing Digital Circus: The Last Act","2026","1.00","0","7"
"1170","The Batman","movie","peliculas, accion, drama","OK","Batman","The Batman","2022","1.00","0","32"
"1171","The Big Bang Theory","tv","series, comedia","OK","La Teoría del Big Bang","The Big Bang Theory","2007","1.00","0","50"
"1172","The Black Cauldron","movie","infantil, cienciaficcion, accion","OK","Tarón y el caldero mágico","The Black Cauldron","1985","1.00","0","10"
"1173","The Black Demon","movie","peliculas, terror","OK","Demonio negro","The Black Demon","2023","1.00","0","6"
"1174","The Book of Boba Fett","tv","series, cienciaficcion, accion","OK","El libro de Boba Fett","The Book of Boba Fett","2021","1.00","0","14"
"1175","The Bourne Identity","movie","peliculas, accion","OK","Identidad desconocida","The Bourne Identity","2002","1.00","0","19"
"1176","The Bourne Legacy","movie","peliculas, accion","OK","El Legado Bourne","The Bourne Legacy","2012","1.00","0","11"
"1177","The Bourne Supremacy","movie","peliculas, accion","OK","La supremacía Bourne","The Bourne Supremacy","2004","1.00","0","15"
"1178","The Bourne Ultimatum","movie","peliculas, accion","OK","Bourne: El ultimátum","The Bourne Ultimatum","2007","1.00","0","17"
"1179","The Boy in the Striped Pyjamas","movie","peliculas, drama","OK","El niño con el pijama de rayas","The Boy in the Striped Pyjamas","2008","1.00","0","13"
"1180","The Boys","tv","series, accion, comedia, cienciaficcion","OK","The Boys","The Boys","2019","1.00","0","111"
"1181","The Chosen","tv","series, drama","OK","Los elegidos","The Chosen","2019","1.00","0","70"
"1182","The Cloverfield Paradox","movie","peliculas, terror, cienciaficcion","OK","La Paradoja Cloverfield","The Cloverfield Paradox","2018","1.00","0","11"
"1183","The Conjuring 2","movie","peliculas, terror","OK","El Conjuro 2","The Conjuring 2","2016","1.00","0","22"
"1184","The Conjuring: Last Rites","movie","peliculas, terror","OK","El Conjuro 4: Últimos ritos","The Conjuring: Last Rites","2025","1.00","0","28"
"1185","The Cuphead Show!","tv","infantil, comedia, accion","OK","¡El show de Cuphead!","The Cuphead Show!","2022","1.00","0","14"
"1186","The Da Vinci Code","movie","peliculas, accion","OK","El Código Da Vinci","The Da Vinci Code","2006","1.00","0","18"
"1187","The Dark Knight Rises","movie","peliculas, accion, drama","OK","Batman: El caballero de la noche asciende","The Dark Knight Rises","2012","1.00","0","35"
"1188","The Enfield Poltergeist","tv","series, documental, terror","OK","La maldición de Enfield","The Enfield Poltergeist","2023","1.00","0","4"
"1189","The Evil Dead","movie","peliculas, terror","OK","El despertar del diablo","The Evil Dead","1982","1.00","0","17"
"1190","The Ewok Adventure","movie","peliculas, accion, cienciaficcion","OK","Star Wars: Ewoks Caravana De Valor","The Ewok Adventure","1984","1.00","0","4"
"1191","The Exorcist","movie","peliculas, terror","OK","El Exorcista","The Exorcist","1973","1.00","0","20"
"1192","The Exorcist III","movie","peliculas, terror","OK","El Exorcista III","The Exorcist III","1990","1.00","0","7"
"1193","The Exorcist: Believer","movie","peliculas, terror","OK","El exorcista: Creyentes","The Exorcist: Believer","2023","1.00","0","13"
"1194","The Falcon and the Winter Soldier","tv","series, accion","OK","Falcon Y El Soldado Del Invierno","The Falcon and the Winter Soldier","2021","1.00","0","17"
"1195","The Fall of the House of Usher","tv","series, terror, drama","OK","La caída de la Casa Usher","The Fall of the House of Usher","2023","1.00","0","12"
"1196","The Fantastic Four: First Steps","movie","peliculas, accion, cienciaficcion","OK","Los 4 Fantásticos: Primeros pasos","The Fantastic 4: First Steps","2025","0.86","0","46"
"1197","The Fast and the Furious: Tokyo Drift","movie","peliculas, accion","OK","Rápido y furioso: Reto Tokio","The Fast and the Furious: Tokyo Drift","2006","1.00","0","4"
"1198","The Fate of the Furious","movie","peliculas, accion","OK","Rápidos y furiosos 8","The Fate of the Furious","2017","1.00","0","16"
"1199","The Final Destination","movie","peliculas, terror","OK","Destino Final 4","The Final Destination","2009","1.00","0","14"
"1200","The First Purge","movie","peliculas, terror, accion","OK","12 Horas para sobrevivir: El Inicio","The First Purge","2018","1.00","0","11"
"1201","The Forever Purge","movie","peliculas, terror, accion","OK","La Purga Por Siempre","The Forever Purge","2021","1.00","0","10"
"1202","The Fourth Kind","movie","peliculas, terror, cienciaficcion","OK","Contactos de cuarto tipo","The Fourth Kind","2009","1.00","0","10"
"1203","The Fox and the Hound 2","movie","infantil, comedia, drama","OK","El Zorro y el Sabueso 2","The Fox and the Hound 2","2006","1.00","0","8"
"1204","The Fresh Prince of Bel-Air","tv","series, comedia, drama","OK","El Príncipe del Rap en Bel-Air","The Fresh Prince of Bel-Air","1990","1.00","0","20"
"1205","The Godfather Part III","movie","peliculas, drama","OK","El Padrino III","The Godfather Part III","1990","1.00","0","20"
"1206","The Great Mouse Detective","movie","infantil, comedia, accion","OK","Policías y Ratones","The Great Mouse Detective","1986","1.00","0","10"
"1207","The Green Mile","movie","peliculas, drama","OK","Milagros Inesperados","The Green Mile","1999","1.00","0","35"
"1208","The Grim Adventures of Billy & Mandy","tv","infantil, comedia","OK","Las sombrías aventuras de Billy y Mandy","The Grim Adventures of Billy and Mandy","2001","1.00","0","29"
"1209","The Hangover Part III","movie","peliculas, comedia","OK","¿Qué Pasó Ayer? Parte III","The Hangover Part III","2013","1.00","0","18"
"1210","The Help","movie","peliculas, drama","OK","Historias Cruzadas","The Help","2011","1.00","0","18"
"1211","The Hobbit: An Unexpected Journey","movie","peliculas, accion","OK","El Hobbit: Un viaje inesperado","The Hobbit: An Unexpected Journey","2012","1.00","0","24"
"1212","The Hobbit: The Battle of the Five Armies","movie","peliculas, accion","OK","El Hobbit 3: La Batalla de Los Cinco Ejércitos","The Hobbit: The Battle of the Five Armies","2014","1.00","0","28"
"1213","The Hobbit: The Desolation of Smaug","movie","peliculas, accion","OK","El Hobbit 2: La Desolación de Smaug","The Hobbit: The Desolation of Smaug","2013","1.00","0","20"
"1214","The Hour of Disappearance","movie","peliculas","OK","Blue Hour: The Disappearance of Nick Brandreth","Blue Hour: The Disappearance of Nick Brandreth","2023","0.67","0","1"
"1215","The Hunger Games","movie","peliculas, cienciaficcion, accion, drama","OK","Los juegos del hambre","The Hunger Games","2012","1.00","0","12"
"1216","The Hunger Games: Catching Fire","movie","peliculas, cienciaficcion, accion, drama","OK","Los juegos del hambre: En llamas","The Hunger Games: Catching Fire","2013","1.00","0","16"
"1217","The Hunger Games: Mockingjay Part 2","movie","peliculas, cienciaficcion, accion, drama","OK","Los juegos del hambre: Sinsajo - Parte 2","The Hunger Games: Mockingjay - Part 2","2015","1.00","0","13"
"1218","The Hunger Games: The Ballad of Songbirds and Snakes","movie","peliculas, cienciaficcion, accion, drama","OK","Los juegos del hambre: La balada de pájaros cantores y serpientes","The Hunger Games: The Ballad of Songbirds & Snakes","2023","1.00","0","15"
"1219","The King: Eternal Monarch","tv","series, drama, romance, cienciaficcion","OK","El rey: Eterno monarca","더 킹 : 영원의 군주","2020","0.63","0","9"
"1220","The Kissing Booth 2","movie","peliculas, comedia, romance","OK","El stand de los besos 2","The Kissing Booth 2","2020","1.00","0","7"
"1221","The Last of Us","tv","series, drama, terror","OK","The Last of Us","The Last of Us","2023","1.00","0","44"
"1222","The Last: Naruto the Movie","movie","anime, accion","OK","The Last: Naruto la película","THE LAST -NARUTO THE MOVIE-","2014","1.00","0","9"
"1223","The Legend of Vox Machina","tv","series, accion, cienciaficcion, comedia","OK","La leyenda de Vox Machina","The Legend of Vox Machina","2022","1.00","0","36"
"1224","The Lion King (2019)","movie","infantil, drama","OK","El rey león","The Lion King","2019","1.00","0","17"
"1225","The Lion King 1½","movie","infantil, comedia","OK","El rey león 1½","The Lion King 1½","2004","1.00","0","12"
"1226","The Lion King II: Simba's Pride","movie","infantil, drama","OK","El rey león II: El reino de Simba","The Lion King II: Simba's Pride","1998","1.00","0","12"
"1227","The Lord of the Rings: The Fellowship of the Ring","movie","peliculas, accion","OK","El señor de los anillos: La comunidad del anillo","The Lord of the Rings: The Fellowship of the Ring","2001","1.00","0","43"
"1228","The Lord of the Rings: The Return of the King","movie","peliculas, accion","OK","El señor de los anillos: El retorno del rey","The Lord of the Rings: The Return of the King","2003","1.00","0","45"
"1229","The Lord of the Rings: The Rings of Power","tv","series, accion","OK","El señor de los anillos: Los anillos de poder","The Lord of the Rings: The Rings of Power","2022","1.00","0","76"
"1230","The Lord of the Rings: The Two Towers","movie","peliculas, accion","OK","El señor de los anillos: Las dos torres","The Lord of the Rings: The Two Towers","2002","1.00","0","33"
"1231","The Lost World: Jurassic Park","movie","peliculas, cienciaficcion, accion","OK","El mundo perdido: Jurassic Park","The Lost World: Jurassic Park","1997","1.00","0","1"
"1232","The Mandalorian","tv","series, cienciaficcion, accion","OK","The Mandalorian","The Mandalorian","2019","1.00","0","44"
"1233","The Many Adventures of Winnie the Pooh","movie","infantil, comedia","OK","Las aventuras de Winnie Pooh","The Many Adventures of Winnie the Pooh","1977","1.00","0","8"
"1234","The Marvels","movie","peliculas, accion, cienciaficcion","OK","The Marvels","The Marvels","2023","1.00","0","17"
"1235","The Matrix","movie","peliculas, cienciaficcion, accion","OK","Matrix","The Matrix","1999","1.00","0","45"
"1236","The Matrix Reloaded","movie","peliculas, cienciaficcion, accion","OK","Matrix recargado","The Matrix Reloaded","2003","1.00","0","21"
"1237","The Matrix Resurrections","movie","peliculas, cienciaficcion, accion","OK","Matrix resurrecciones","The Matrix Resurrections","2021","1.00","0","19"
"1238","The Matrix Revolutions","movie","peliculas, cienciaficcion, accion","OK","Matrix: Revoluciones","The Matrix Revolutions","2003","1.00","0","17"
"1239","The Midnight Gospel","tv","series, comedia, cienciaficcion","OK","The Midnight Gospel","The Midnight Gospel","2020","1.00","0","7"
"1240","The Naked Gun","movie","peliculas, comedia","OK","¿Y dónde está el policía?","The Naked Gun","2025","1.00","0","16"
"1241","The Naked Gun 2½: The Smell of Fear","movie","peliculas, comedia","OK","¿Y dónde está el policía? 2 1/2: El aroma del miedo","The Naked Gun 2½: The Smell of Fear","1991","1.00","0","9"
"1242","The Naked Gun: From the Files of Police Squad!","movie","peliculas, comedia","OK","¿Y dónde está el policía?","The Naked Gun: From the Files of Police Squad!","1988","1.00","0","13"
"1243","The Nightmare Before Christmas","movie","infantil, comedia","OK","El extraño mundo de Jack","The Nightmare Before Christmas","1993","1.00","0","19"
"1244","The Nightmare Room","tv","infantil, terror","OK","Las Aventuras del Suspenso","The Nightmare Room","2001","1.00","0","7"
"1245","The Northman","movie","peliculas, drama, accion","OK","El Hombre del Norte","The Northman","2022","1.00","0","15"
"1246","The OA","tv","series, drama, cienciaficcion","OK","The OA","The OA","2016","1.00","0","16"
"1247","The Owl House","tv","infantil, comedia, cienciaficcion","OK","La Casa Búho","The Owl House","2020","1.00","0","26"
"1248","The Pacifier","movie","peliculas, comedia, accion","OK","Niñera a prueba de balas","The Pacifier","2005","1.00","0","9"
"1249","The Passion of the Christ","movie","peliculas, drama","OK","La pasión de Cristo","The Passion of the Christ","2004","1.00","0","19"
"1250","The Penguin","tv","series, drama, accion","OK","El Pingüino","The Penguin","2024","1.00","0","20"
"1251","The Penguin Lessons","movie","peliculas, drama, comedia","OK","Lecciones de un pingüino","The Penguin Lessons","2025","1.00","0","5"
"1252","The Penguins of Madagascar","tv","infantil, comedia","OK","Los Pingüinos de Madagascar","The Penguins of Madagascar","2008","1.00","0","45"
"1253","The Peripheral","tv","series, cienciaficcion, drama","OK","La Periferia: Conexión al Futuro","The Peripheral","2022","1.00","0","13"
"1254","The Predator","movie","peliculas, accion, cienciaficcion, terror","OK","El Depredador","The Predator","2018","1.00","0","14"
"1255","The Prestige","movie","peliculas, drama, cienciaficcion","OK","El Gran Truco","The Prestige","2006","1.00","0","25"
"1256","The Princess and the Frog","movie","infantil, comedia, drama","OK","La princesa y el sapo","The Princess and the Frog","2009","1.00","0","20"
"1257","The Purge","movie","peliculas, terror, accion","OK","La Noche de la Expiación","The Purge","2013","1.00","0","12"
"1258","The Purge","tv","series, terror, accion, cienciaficcion","OK","The Purge","The Purge","2018","1.00","0","12"
"1259","The Purge: Anarchy","movie","peliculas, terror, accion","OK","12 Horas para sobrevivir","The Purge: Anarchy","2014","1.00","0","13"
"1260","The Purge: Election Year","movie","peliculas, terror, accion","OK","12 Horas para sobrevivir: El Año de la Elección","The Purge: Election Year","2016","1.00","0","12"
"1261","The Queen's Gambit","tv","series, drama","OK","Gambito de dama","The Queen's Gambit","2020","1.00","0","17"
"1262","The Ring Two","movie","peliculas, terror","OK","El aro 2","The Ring Two","2005","1.00","0","8"
"1263","The Ritual Killer","movie","peliculas, terror, accion","OK","Muti: Rituales Mortales","The Ritual Killer","2023","1.00","0","6"
"1264","The Secret Abyss","movie","peliculas, drama","OK","The Secret Abyss","The Secret Abyss","1979","1.00","0","0"
"1265","The Secret Lives of Animals","tv","series, documental","OK","La vida secreta de los animales","The Secret Lives of Animals","2024","1.00","0","5"
"1266","The Secret World of Arrietty","movie","anime, drama","OK","El mundo secreto de Arrietty","借りぐらしのアリエッティ","2010","0.63","0","11"
"1267","The Seven Deadly Sins: Cursed by Light","movie","anime, accion","OK","The Seven Deadly Sins: La maldición de la luz","劇場版 七つの大罪 光に呪われし者たち","2021","0.61","0","4"
"1268","The Seven Deadly Sins: Four Knights of the Apocalypse","tv","anime, accion","OK","The Seven Deadly Sins: Los cuatro jinetes del apocalipsis","七つの大罪 黙示録の四騎士","2023","0.62","0","20"
"1269","The Seven Deadly Sins: Grudge of Edinburgh Part 1","movie","anime, accion","OK","The Seven Deadly Sins: El rencor de Edimburgo (Parte 2)","七つの大罪 怨嗟のエジンバラ 後編","2023","0.71","0","4"
"1270","The Shining","movie","peliculas, terror","OK","El resplandor","The Shining","1980","1.00","0","24"
"1271","The Silence of the Lambs","movie","peliculas, terror, drama","OK","El Silencio de los Inocentes","The Silence of the Lambs","1991","1.00","0","8"
"1272","The Simpsons","tv","series, comedia","OK","Los Simpson","The Simpsons","1989","1.00","0","233"
"1273","The Sopranos","tv","series, drama","OK","Los Soprano","The Sopranos","1999","1.00","0","94"
"1274","The Spectacular Spider-Man","tv","infantil, accion","OK","El Espectacular Hombre-Araña","The Spectacular Spider-Man","2008","1.00","0","24"
"1275","The Substance","movie","peliculas, terror, drama","OK","La sustancia","The Substance","2024","1.00","0","29"
"1276","The Super Mario Galaxy Movie","movie","infantil, comedia","OK","Super Mario Galaxy: La película","The Super Mario Galaxy Movie","2026","1.00","0","74"
"1277","The Sword in the Stone","movie","infantil, comedia","OK","La Espada en La Piedra","The Sword in the Stone","1963","1.00","0","11"
"1278","The Tale of the Princess Kaguya","movie","anime, drama","OK","El cuento de la Princesa Kaguya","かぐや姫の物語","2013","0.65","0","7"
"1279","The Texas Chainsaw Massacre: The Beginning","movie","peliculas, terror","OK","La Masacre de Texas: El inicio","The Texas Chainsaw Massacre: The Beginning","2006","1.00","0","8"
"1280","The Transporter Refueled","movie","peliculas, accion","OK","El Transportador: Recargado","The Transporter Refueled","2015","1.00","0","11"
"1281","The Twilight Saga: Eclipse","movie","peliculas, drama, romance","OK","Crepúsculo: Eclipse","The Twilight Saga: Eclipse","2010","1.00","0","16"
"1282","The Twilight Saga: New Moon","movie","peliculas, drama, romance","OK","Crepúsculo: Luna nueva","The Twilight Saga: New Moon","2009","1.00","0","17"
"1283","The Upside","movie","peliculas, comedia, drama","OK","Amigos por Siempre","The Upside","2019","1.00","0","6"
"1284","The Walking Dead","tv","series, terror, drama","OK","The Walking Dead","The Walking Dead","2010","1.00","0","177"
"1285","The Walking Dead: Daryl Dixon","tv","series, terror, drama, accion","OK","The Walking Dead: Daryl Dixon","The Walking Dead: Daryl Dixon","2023","1.00","0","28"
"1286","The Walking Dead: Dead City","tv","series, terror, drama, accion","OK","The Walking Dead: Dead City","The Walking Dead: Dead City","2023","1.00","0","61"
"1287","The Walking Dead: World Beyond","tv","series, terror, drama","OK","The Walking Dead: World Beyond","The Walking Dead: World Beyond","2020","1.00","0","9"
"1288","The Wild Robot","movie","peliculas, drama","OK","Robot salvaje","The Wild Robot","2024","1.00","0","45"
"1289","The Witcher","tv","series, accion","OK","The Witcher","The Witcher","2019","1.00","0","48"
"1290","The Wolverine","movie","peliculas, accion, cienciaficcion","OK","Wolverine: Inmortal","The Wolverine","2013","1.00","0","3"
"1291","Theodosia","tv","series","OK","Theodosia","Theodosia","2022","1.00","0","6"
"1292","Thir13en Ghosts","movie","peliculas, terror","OK","13 fantasmas","Thir13en Ghosts","2001","1.00","0","9"
"1293","Thor","movie","peliculas, accion","OK","Thor","Thor","2011","1.00","0","29"
"1294","Thor: Love and Thunder","movie","peliculas, accion, comedia","OK","Thor: Amor y Trueno","Thor: Love and Thunder","2022","1.00","0","34"
"1295","Thor: Ragnarok","movie","peliculas, accion, comedia","OK","Thor: Ragnarok","Thor: Ragnarok","2017","1.00","0","33"
"1296","Thor: The Dark World","movie","peliculas, accion","OK","Thor: un mundo oscuro","Thor: The Dark World","2013","1.00","0","30"
"1297","Thunderbolts*","movie","peliculas, accion, cienciaficcion","OK","Thunderbolts*","Thunderbolts*","2025","1.00","0","40"
"1298","To All the Boys I've Loved Before","movie","peliculas, comedia, drama, romance","OK","A todos los chicos de los que me enamoré","To All the Boys I've Loved Before","2018","1.00","0","8"
"1299","To All the Boys: Always and Forever","movie","peliculas, comedia, drama, romance","OK","A Todos Los Chicos Para Siempre","To All the Boys: Always and Forever","2021","1.00","0","4"
"1300","To All the Boys: P.S. I Still Love You","movie","peliculas, comedia, drama, romance","OK","A todos los chicos: P. D. Todavía te quiero","To All the Boys: P.S. I Still Love You","2020","1.00","0","5"
"1301","Tojima Wants to Be a Kamen Rider","tv","anime, accion, comedia","OK","Tojima Wants to Be a Kamen Rider","東島丹三郎は仮面ライダーになりたい","2025","1.00","0","11"
"1302","Tokyo Ghoul","tv","anime, accion, terror, drama","OK","Tokyo Ghoul","東京喰種トーキョーグール","2014","1.00","0","38"
"1303","Tokyo Revengers","tv","anime, accion, drama","OK","Tokyo Revengers","東京リベンジャーズ","2021","1.00","0","22"
"1304","Tokyo Vice","tv","series, drama","OK","Tokyo Vice","Tokyo Vice","2022","1.00","0","23"
"1305","Tomorrow","tv","series, drama, cienciaficcion","OK","The Tomorrow People","The Tomorrow People","2013","0.67","0","11"
"1306","Top Gun: Maverick","movie","peliculas, accion, drama","OK","Top Gun: Maverick","Top Gun: Maverick","2022","1.00","0","38"
"1307","Tower of God","tv","anime, accion, drama","OK","Tower of God","神之塔 -Tower of God-","2020","1.00","0","30"
"1308","Toy Story 2","movie","infantil, comedia","OK","Toy Story 2","Toy Story 2","1999","1.00","0","29"
"1309","Toy Story 3","movie","infantil, comedia","OK","Toy Story 3","Toy Story 3","2010","1.00","0","31"
"1310","Toy Story of Terror!","movie","infantil, terror, comedia","OK","Toy Story de Terror","Toy Story of Terror!","2013","1.00","0","0"
"1311","Toy Story That Time Forgot","movie","infantil, comedia","OK","Toy Story: Olvidados en el Tiempo","Toy Story That Time Forgot","2014","1.00","0","7"
"1312","Toy Story: Partysaurus Rex","movie","infantil, comedia","OK","Toy Story Toons: Fiesta Saurus Rex","Partysaurus Rex","2012","0.78","0","4"
"1313","Toy Story: Small Fry","movie","infantil, comedia","OK","Toy Story Toons: Pequeño Gran Buzz","Small Fry","2011","0.73","0","6"
"1314","Transformers One","movie","peliculas, accion, cienciaficcion","OK","Transformers Uno","Transformers One","2024","1.00","0","14"
"1315","Transformers: Age of Extinction","movie","peliculas, accion, cienciaficcion","OK","Transformers 4: La Era de la Extinción","Transformers: Age of Extinction","2014","1.00","0","16"
"1316","Transformers: Dark of the Moon","movie","peliculas, accion, cienciaficcion","OK","Transformers: el lado oscuro de la luna","Transformers: Dark of the Moon","2011","1.00","0","4"
"1317","Transformers: Revenge of the Fallen","movie","peliculas, accion, cienciaficcion","OK","Transformers: la venganza de los caídos","Transformers: Revenge of the Fallen","2009","1.00","0","5"
"1318","Transformers: Rise of the Beasts","movie","peliculas, accion, cienciaficcion","OK","Transformers: El despertar de las bestias","Transformers: Rise of the Beasts","2023","1.00","0","25"
"1319","Transporter 2","movie","peliculas, accion","OK","El Transportador 2","Transporter 2","2005","1.00","0","10"
"1320","Transporter 3","movie","peliculas, accion","OK","El Transportador 3","Transporter 3","2008","1.00","0","10"
"1321","Trolley","tv","series, drama","OK","Trolley Problems","Trolley Problems","2024","0.63","0","4"
"1322","Tron: Legacy","movie","peliculas, cienciaficcion, accion","OK","Tron: El Legado","TRON: Legacy","2010","1.00","0","13"
"1323","Turning Red","movie","infantil, comedia, drama","OK","Red","Turning Red","2022","1.00","0","18"
"1324","Twisted Metal","tv","series, accion, cienciaficcion, comedia","OK","Twisted Metal","Twisted Metal","2023","1.00","0","17"
"1325","Two and a Half Men","tv","series, comedia","OK","Dos Hombres y Medio","Two and a Half Men","2003","1.00","0","100"
"1326","Two Tails","movie","infantil, comedia","OK","Cat-Tails for Two","Cat-Tails for Two","1953","0.61","0","1"
"1327","Underworld: Awakening","movie","peliculas, accion, terror","OK","Inframundo 4: El despertar","Underworld: Awakening","2012","1.00","0","10"
"1328","Underworld: Blood Wars","movie","peliculas, accion, terror","OK","Inframundo 5: Guerras de sangre","Underworld: Blood Wars","2016","1.00","0","13"
"1329","Underworld: Evolution","movie","peliculas, accion, terror","OK","Inframundo: La Evolución","Underworld: Evolution","2006","1.00","0","9"
"1330","Underworld: Rise of the Lycans","movie","peliculas, accion, terror","OK","Inframundo 3: La rebelión de los Lycans","Underworld: Rise of the Lycans","2009","1.00","0","9"
"1331","Up","movie","infantil, comedia, drama","OK","Up: Una Aventura de Altura","Up","2009","1.00","0","28"
"1332","Uzumaki","tv","anime, terror","OK","Uzumaki","Uzumaki","2024","1.00","0","6"
"1333","V/H/S/Halloween","movie","peliculas, terror","OK","V/H/S/Halloween","V/H/S/Halloween","2025","1.00","0","6"
"1334","Vampirina","tv","infantil, comedia","OK","Vampirina","Vampirina","2017","1.00","0","16"
"1335","Venom: Let There Be Carnage","movie","peliculas, accion, cienciaficcion","OK","Venom: Carnage Liberado","Venom: Let There Be Carnage","2021","1.00","0","23"
"1336","Venom: The Last Dance","movie","peliculas, accion, cienciaficcion","OK","Venom: El último baile","Venom: The Last Dance","2024","1.00","0","36"
"1337","Vietnam: The War That Changed America","tv","series, documental","OK","Vietnam: La guerra que cambió a Estados Unidos","Vietnam: The War That Changed America","2025","1.00","0","5"
"1338","Vikings: Valhalla","tv","series, drama, accion","OK","Vikingos: Valhalla","Vikings: Valhalla","2022","1.00","0","26"
"1339","Villainous","tv","infantil, comedia","OK","Villanos","Villanos","2021","0.63","0","4"
"1340","Vinland Saga","tv","anime, accion, drama","OK","Vinland Saga","ヴィンランド・サガ","2019","1.00","0","13"
"1341","WALL·E","movie","infantil, cienciaficcion","OK","WALL·E","WALL·E","2008","1.00","0","29"
"1342","WandaVision","tv","series, accion, comedia","OK","WandaVision","WandaVision","2021","1.00","0","32"
"1343","Warcraft","movie","peliculas, accion","OK","Warcraft: El primer encuentro de dos mundos","Warcraft","2016","1.00","0","12"
"1344","Warrior","tv","series, drama, accion","OK","Warrior","Warrior","2019","1.00","0","20"
"1345","We Bare Bears","tv","infantil, comedia","OK","Escandalosos","We Bare Bears","2015","1.00","0","36"
"1346","Wednesday","tv","series, comedia","OK","Merlina","Wednesday","2022","1.00","0","62"
"1347","Wes Craven's New Nightmare","movie","peliculas, terror","OK","La Nueva Pesadilla de Wes Craven","Wes Craven's New Nightmare","1994","1.00","0","8"
"1348","Westworld","tv","series, cienciaficcion, drama","OK","Westworld","Westworld","2016","1.00","0","51"
"1349","What's New, Scooby-Doo?","tv","infantil, comedia","OK","¿Qué Hay De Nuevo, Scooby-Doo?","What's New, Scooby-Doo?","2002","1.00","0","20"
"1350","Whisper of the Heart","movie","anime, drama, romance","OK","A Whisper In the Island Of the Heart","A Whisper In the Island Of the Heart","2022","0.75","0","0"
"1351","Who Is Erin Carter?","tv","series, accion","OK","¿Quién es Erin Carter?","Who Is Erin Carter?","2023","1.00","0","6"
"1352","Why Women Kill","tv","series, drama, comedia","OK","Por qué matan las mujeres","Why Women Kill","2019","1.00","0","24"
"1353","Widow's Bay","tv","series, terror, comedia, drama","OK","La maldición de Widow's Bay","Widow's Bay","2026","1.00","0","40"
"1354","Willy's Wonderland","movie","peliculas, terror, accion","OK","Willy's Wonderland","Willy's Wonderland","2021","1.00","0","5"
"1355","Wish","movie","infantil, comedia, drama","OK","Wish: El poder de los deseos","Wish","2023","1.00","0","12"
"1356","Wonder Park","movie","peliculas, comedia","OK","Parque mágico","Wonder Park","2019","1.00","0","7"
"1357","WondLa","tv","infantil, cienciaficcion, drama","OK","WondLa","WondLa","2024","1.00","0","10"
"1358","Wonka","movie","peliculas, comedia","OK","Wonka","Wonka","2023","1.00","0","17"
"1359","World War II in Colour","tv","series, documental","OK","La Segunda Guerra Mundial A Todo Color","World War II in Colour","2009","1.00","0","5"
"1360","Wrath of the Titans","movie","peliculas, accion","OK","Furia de Titanes 2","Wrath of the Titans","2012","1.00","0","12"
"1361","X-Men Origins: Wolverine","movie","peliculas, accion, cienciaficcion","OK","X-Men orígenes: Wolverine","X-Men Origins: Wolverine","2009","1.00","0","3"
"1362","X-Men: Apocalypse","movie","peliculas, accion, cienciaficcion","OK","X-Men: Apocalipsis","X-Men: Apocalypse","2016","1.00","0","31"
"1363","X-Men: Days of Future Past","movie","peliculas, accion, cienciaficcion","OK","X-Men: Días del futuro pasado","X-Men: Days of Future Past","2014","1.00","0","29"
"1364","X-Men: First Class","movie","peliculas, accion, cienciaficcion","OK","X-Men: Primera generación","X-Men: First Class","2011","1.00","0","1"
"1365","X-Men: The Last Stand","movie","peliculas, accion, cienciaficcion","OK","X-Men 3: La Batalla Final","X-Men: The Last Stand","2006","1.00","0","1"
"1366","XO, Kitty","tv","series, comedia, romance","OK","Besos, Kitty","XO, Kitty","2023","1.00","0","25"
"1367","Yo soy Betty la fea","tv","series, comedia, drama, romance","OK","Yo soy Betty, la fea","Yo soy Betty, la fea","1999","1.00","0","20"
"1368","Young Sheldon","tv","series, comedia","OK","El Joven Sheldon","Young Sheldon","2017","1.00","0","88"
"1369","Your Friendly Neighborhood Spider-Man","tv","infantil, accion, comedia","OK","Tu amigo y vecino Spider-Man","Your Friendly Neighborhood Spider-Man","2025","1.00","0","16"
"1370","Zoids: New Century Zero","tv","anime, accion, cienciaficcion","OK","Zoids: New Century Zero","ゾイド新世紀／ゼロ","2001","1.00","0","5"
"1371","Zombieland","movie","peliculas, terror, comedia, accion","OK","Zombieland","Zombieland","2009","1.00","0","13"
"1372","Zombieland: Double Tap","movie","peliculas, terror, comedia, accion","OK","Zombieland 2: Tiro de Gracia","Zombieland: Double Tap","2019","1.00","0","14"
"1373","Zombieverse","tv","series, terror, comedia","OK","Zombiverso","좀비버스","2023","0.74","0","7"
"1374","Zoopocalypse","movie","infantil, comedia","OK","Zoopocalipsis","Night of the Zoopocalypse","2025","0.79","0","7"
"1375","Zootopia 2","movie","infantil, comedia","OK","Zootopia 2","Zootopia 2","2025","1.00","0","65"
"1376","Zootopia+","tv","infantil, comedia","OK","Zootopia+","Zootopia+","2022","1.00","0","11"