ID_VTX,Categoria_Excel,Titulo_Excel,Titulo_Catalogo,Tipo,Estado
VTX-0001,Series,The Walking Dead,The Walking Dead,tv,OK
VTX-0002,Series,The Big Bang Theory,The Big Bang Theory,tv,OK
VTX-0003,Series,El Elegido,The Chosen,tv,OK
VTX-0004,Series,I'm a Virgo,I'm a Virgo,tv,OK
VTX-0005,Series,New Bandits,New Bandits,tv,OK
VTX-0006,Series,Secret Invasion,Secret Invasion,tv,OK
VTX-0007,Series,The Warrior,Warrior,tv,OK
VTX-0008,Series,Eliminar - Delete,Delete,tv,OK
VTX-0009,Series,Ghoul,Ghoul,tv,OK
VTX-0010,Series,La Chica enmascarada,La chica enmascarada,tv,OK
VTX-0011,Series,MC Gregor Forever,McGregor Forever,tv,OK
VTX-0012,Series,One Piece Live Action,One Piece Live Action,tv,OK
VTX-0013,Series,Quien es Erin Carter,Who Is Erin Carter?,tv,OK
VTX-0014,Series,The Witcher,The Witcher,tv,OK
VTX-0015,Series,This World Cant Tear Me Down,This World Can't Tear Me Down,tv,OK
VTX-0016,Series,Zombiverso,,,OMITIDO (duplicado del Excel)
VTX-0017,Series,Black Knight,Black Knight,tv,OK
VTX-0018,Series,La casa de papel corea,Money Heist: Korea,tv,OK
VTX-0019,Series,breaking bad,Breaking Bad,tv,OK
VTX-0020,Series,The purge,The Purge,movie,OK
VTX-0021,Series,Criado porlobos,Raised by Wolves,tv,OK
VTX-0022,Series,Juego del calamar,Squid Game,tv,OK
VTX-0023,Series,Olive Kitteridge,Olive Kitteridge,tv,OK
VTX-0024,Series,American Horro Story,American Horror Story,tv,OK
VTX-0025,Series,Futurama,Futurama,tv,OK
VTX-0026,Series,The Last of US,The Last of Us,tv,OK
VTX-0027,Series,The Peripheral,The Peripheral,tv,OK
VTX-0028,Series,Asesino Mediatico,Copycat Killer,tv,OK
VTX-0029,Series,Dark,Dark,tv,OK
VTX-0030,Series,Twisted Metal,Twisted Metal,tv,OK
VTX-0031,Series,Insania,Insânia,tv,OK
VTX-0032,Series,La casa de papel,Money Heist,tv,OK
VTX-0033,Series,El principe del rap,The Fresh Prince of Bel-Air,tv,OK
VTX-0034,Series,Seal Team,SEAL Team,tv,OK
VTX-0035,Series,New Amsterdam,New Amsterdam,tv,OK
VTX-0036,Series,Mother land fort salem,Motherland: Fort Salem,tv,OK
VTX-0037,Series,Lost,Lost,tv,OK
VTX-0038,Series,Genius,Genius,tv,OK
VTX-0039,Series,Dave,Dave,tv,OK
VTX-0040,Series,Rick and morty,Rick and Morty,tv,OK
VTX-0041,Series,The Sopranos,The Sopranos,tv,OK
VTX-0042,Series,Amor y muerte,Love & Death,tv,OK
VTX-0043,Series,La casa del dragon,House of the Dragon,tv,OK
VTX-0044,Series,Chernobyl,Chernobyl,tv,OK
VTX-0045,Series,Euphoria,Euphoria,tv,OK
VTX-0046,Series,Tokyo Vice,Tokyo Vice,tv,OK
VTX-0047,Series,The Young Sheldon,Young Sheldon,tv,OK
VTX-0048,Series,La materia oscura,His Dark Materials,tv,OK
VTX-0049,Series,Todos Odian a Chris,Everybody Hates Chris,tv,OK
VTX-0050,Series,Fear the walking Dead,Fear the Walking Dead,tv,OK
VTX-0051,Series,The Walking Dead World Beyond,The Walking Dead: World Beyond,tv,OK
VTX-0052,Series,Los Simpson,The Simpsons,tv,OK
VTX-0053,Series,Band Of Brothers,Band of Brothers,tv,OK
VTX-0054,Series,The Pacific,The Pacific,tv,OK
VTX-0055,Series,Roswell New Mexico,"Roswell, New Mexico",tv,OK
VTX-0056,Series,Animal Kingdom,Animal Kingdom,tv,OK
VTX-0057,Series,Merli Sappere Aude,Merlí: Sapere Aude,tv,OK
VTX-0058,Series,Porque Matan a las mujeres,Why Women Kill,tv,OK
VTX-0059,Series,Succession,Succession,tv,OK
VTX-0060,Series,Roma,Rome,tv,OK
VTX-0061,Series,Two and half men,Two and a Half Men,tv,OK
VTX-0063,Series,Theodosia,Theodosia,tv,OK
VTX-0064,Series,Friends,Friends,tv,OK
VTX-0065,Series,Orphan Black,Orphan Black,tv,OK
VTX-0066,Series,Star Trek New Worlds,Star Trek: Strange New Worlds,tv,OK
VTX-0067,Series,Escape at dannemora,Escape at Dannemora,tv,OK
VTX-0070,Series,Reacher,Reacher,tv,OK
VTX-0071,Series,Sr.Avila,Sr. Ávila,tv,OK
VTX-0073,Series,The magicians,The Magicians,tv,OK
VTX-0074,Series,Game of Thrones,Game of Thrones,tv,OK
VTX-0075,Series,Black Mirror,Black Mirror,tv,OK
VTX-0076,Series,Doom Patrol,Doom Patrol,tv,OK
VTX-0077,Series,Vikingos Valhala,Vikings: Valhalla,tv,OK
VTX-0078,Series,Vikingos,Vikings,tv,OK
VTX-0079,Series,Peaky Blinders,Peaky Blinders,tv,OK
VTX-0080,Series,Dexter,Dexter,tv,OK
VTX-0081,Series,Dahmer,Dahmer,tv,OK
VTX-0082,Series,1899,1899,tv,OK
VTX-0083,Series,Ozark,Ozark,tv,OK
VTX-0084,Series,Merlina,Wednesday,tv,OK
VTX-0085,Series,Orange is the new black,Orange is the New Black,tv,OK
VTX-0086,Series,Vis a Vis,Vis a Vis,tv,OK
VTX-0087,Series,Stranger things,Stranger Things,tv,OK
VTX-0088,Series,El mundo oculto de sabrina,Chilling Adventures of Sabrina,tv,OK
VTX-0089,Series,Love Death and Robots,"Love, Death & Robots",tv,OK
VTX-0090,Series,West World,Westworld,tv,OK
VTX-0091,Series,Estamos Muertos,All of Us Are Dead,tv,OK
VTX-0092,Series,Better Call Saul,Better Call Saul,tv,OK
VTX-0093,Series,13 reasons why,13 Reasons Why,tv,OK
VTX-0094,Series,Pablo Escobr el Patron del mal,Pablo Escobar: El Patron del Mal,tv,OK
VTX-0095,Series,How I met Your Mother,How I Met Your Mother,tv,OK
VTX-0096,Series,El sennor de los anillos - los anillos del poder,The Lord of the Rings: The Rings of Power,tv,OK
VTX-0097,Series,Swamp Thing,Swamp Thing,tv,OK
VTX-0098,Series,Flash,The Flash,tv,OK
VTX-0099,Series,Barry,Barry,tv,OK
VTX-0100,Series,WandaVision,WandaVision,tv,OK
VTX-0101,Series,Star Wars Ashoka,Ahsoka,tv,OK
VTX-0102,Series,Star Wars Andor,Andor,tv,OK
VTX-0103,Series,Star Wars The mandalorian,The Mandalorian,tv,OK
VTX-0104,Series,Star Wars Obi Wan,Obi-Wan Kenobi,tv,OK
VTX-0105,Series,Star Wars The Book of Boba Fett,The Book of Boba Fett,tv,OK
VTX-0106,Series,Moon Knight,Moon Knight,tv,OK
VTX-0107,Series,Hawkeye,Hawkeye,tv,OK
VTX-0108,Series,The Falcon and the winter,The Falcon and the Winter Soldier,tv,OK
VTX-0109,Series,Superman Y Louis,Superman & Lois,tv,OK
VTX-0110,Series,Invincible,Invincible,tv,OK
VTX-0111,Series,The Walking Dead Daryl Dixon,The Walking Dead: Daryl Dixon,tv,OK
VTX-0112,Series,La caida de la casa Usher,The Fall of the House of Usher,tv,OK
VTX-0113,Peliculas,A Classic Horror Story (2021),A Classic Horror Story,movie,OK
VTX-0114,Peliculas,Poltergeist (1982),Poltergeist,movie,OK
VTX-0115,Peliculas,¡Hola sí! (2021),Yes Day,movie,OK
VTX-0116,Peliculas,¡Nop! (2022),Nope,movie,OK
VTX-0117,Peliculas,¿Qué fue del Sr. Cha (2021),What Happened to Mr. Cha?,movie,OK
VTX-0118,Peliculas,#Alive (2020),#Alive,movie,OK
VTX-0119,Peliculas,10 Dias De Un Buen Hombre (2023),10 Days of a Good Man,movie,OK
VTX-0120,Peliculas,10 minutos para morir,10 Minutes Gone,movie,OK
VTX-0121,Peliculas,100 metros (2016),100 Meters,movie,OK
VTX-0122,Peliculas,10000 A.C. (2008),"10,000 BC",movie,OK
VTX-0123,Peliculas,12 anos de esclavitud (2013),12 Years a Slave,movie,OK
VTX-0124,Peliculas,127 horas (2010),127 Hours,movie,OK
VTX-0125,Peliculas,13 fantasmas (2001),Thir13en Ghosts,movie,OK
VTX-0126,Peliculas,1408 (2007),1408,movie,OK
VTX-0127,Peliculas,1517 Tren a Paris (2018),The 15:17 to Paris,movie,OK
VTX-0128,Peliculas,1917 (2019),1917,movie,OK
VTX-0129,Peliculas,1974 La Posesión De Altaír (2017),1974: La Posesión de Altair,movie,OK
VTX-0130,Peliculas,2012 (2009),2012,movie,OK
VTX-0131,Peliculas,2067 (2020),2067,movie,OK
VTX-0132,Peliculas,3 A.M.  Parte Uno (2012),3 A.M.,movie,OK
VTX-0133,Peliculas,3 A.M. 2 La Hora De La Muerte (2014),3 A.M. Part 2,movie,OK
VTX-0134,Peliculas,365 Dias (2020),365 Days,movie,OK
VTX-0135,Peliculas,365 diás más (2022),365 Days: This Day,movie,OK
VTX-0136,Peliculas,4 Expertas En Bodas (2012),4 Wedding Planners,movie,OK
VTX-0137,Peliculas,4 Mitades (2021),4 Mitades,movie,OK
VTX-0138,Peliculas,42 La verdadera historia de una leyenda americana (2013),42,movie,OK
VTX-0139,Peliculas,42 to 1 (2018),42 to 1,movie,OK
VTX-0140,Peliculas,47 Ronin La Leyenda Del Samurai (2013),47 Ronin,movie,OK
VTX-0141,Peliculas,4x4 (2019),4X4,movie,OK
VTX-0142,Peliculas,5 Bodas (2018),Five Weddings,movie,OK
VTX-0143,Peliculas,5 Sangres (2020),Da 5 Bloods,movie,OK
VTX-0144,Peliculas,500 Dias con ella (2009),(500) Days of Summer,movie,OK
VTX-0145,Peliculas,7 deseos (2017),Wish Upon,movie,OK
VTX-0146,Peliculas,7 Mujeres Y Un Misterio (2022),7 Women and a Murder,movie,OK
VTX-0147,Peliculas,7 Prisioneros,7 Prisoners,movie,OK
VTX-0148,Peliculas,7th & Union (2021),7th & Union,movie,OK
VTX-0149,Peliculas,8 Mille,8 Mile,movie,OK
VTX-0150,Peliculas,8Bit Christmas (2021),8-Bit Christmas,movie,OK
VTX-0151,Peliculas,93 días (2016),93 Days,movie,OK
VTX-0152,Peliculas,A Ciegas (2022),See for Me,movie,OK
VTX-0153,Peliculas,A Dos Metros De Ti (2019),Five Feet Apart,movie,OK
VTX-0154,Peliculas,A Golpe de Monedas (2017),Coin Heist,movie,OK
VTX-0155,Peliculas,A Haunted House (2013),A Haunted House,movie,OK
VTX-0156,Peliculas,A La Intemperie (2023),Weathering,movie,OK
VTX-0157,Peliculas,A la Mala (2015),A la Mala,movie,OK
VTX-0158,Peliculas,A La Mierda El Amor... Otra Vez (2022),F*ck Love Too,movie,OK
VTX-0159,Peliculas,A la Puerta del Cielo (2012),Heaven's Door,movie,OK
VTX-0160,Peliculas,A Monster Calls (2016),A Monster Calls,movie,OK
VTX-0161,Peliculas,A Nice Girl Like You (2020),A Nice Girl Like You,movie,OK
VTX-0162,Peliculas,A Prueba de Balas (1996),Bulletproof,movie,OK
VTX-0163,Peliculas,A Todas Partes (2023),All the Places,movie,OK
VTX-0164,Peliculas,A Traves De Mi Ventana (2022),Through My Window,movie,OK
VTX-0165,Peliculas,Abandon (2002),Abandon,movie,OK
VTX-0166,Peliculas,Abducted (2020),Abducted,movie,OK
VTX-0167,Peliculas,Abuelos (2019),Abuelos,movie,OK
VTX-0168,Peliculas,Ace Ventura Jr.  Un Detective Diferente (2009),Ace Ventura Jr.: Pet Detective,movie,OK
VTX-0169,Peliculas,Ace Ventura Un Detective Diferente (1994),Ace Ventura: Pet Detective,movie,OK
VTX-0170,Peliculas,Ad Astra Hacia Las Estrellas (2019),Ad Astra,movie,OK
VTX-0171,Peliculas,Adicción perfecta (2023),Perfect Addiction,movie,OK
VTX-0172,Peliculas,Afterlife of the Party (2021),Afterlife of the Party,movie,OK
VTX-0173,Peliculas,Agencia Secreta De Control Magico (2021),Secret Magic Control Agency,movie,OK
VTX-0174,Peliculas,Agentes del Desorden (2014),Let's Be Cops,movie,OK
VTX-0175,Peliculas,Akelarre (2020),Akelarre,movie,OK
VTX-0176,Peliculas,Akira (1988),Akira,movie,OK
VTX-0177,Peliculas,Aladdin,Aladdin,movie,OK
VTX-0178,Peliculas,Amenaza En Lo Profundo (2020),Underwater,movie,OK
VTX-0179,Peliculas,American Carnage,American Carnage,movie,OK
VTX-0180,Peliculas,American Horror House (2013),American Horror House,movie,OK
VTX-0181,Peliculas,Amigos de Armas (2016),War Dogs,movie,OK
VTX-0182,Peliculas,Amigos de las vacaciones (2021),Vacation Friends,movie,OK
VTX-0183,Peliculas,Amigos por siempre (2019),The Upside,movie,OK
VTX-0184,Peliculas,Angeles y demonios (2009),Angels & Demons,movie,OK
VTX-0185,Peliculas,Animales en Apuros (2018),Two Tails,movie,OK
VTX-0186,Peliculas,Aniquilacion (2018),Annihilation,movie,OK
VTX-0187,Peliculas,Apartamento 1303 (2013),Apartment 1303,movie,OK
VTX-0188,Peliculas,Apex (2021),Apex,movie,OK
VTX-0189,Peliculas,APOCALYPTO,Apocalypto,movie,OK
VTX-0190,Peliculas,Aquaman (2018),Aquaman,movie,OK
VTX-0191,Peliculas,Arrastrame Al Infierno (2009),Drag Me to Hell,movie,OK
VTX-0192,Peliculas,Arrival (2022),Arrival,movie,OK
VTX-0193,Peliculas,Artemis Fowl (2020),Artemis Fowl,movie,OK
VTX-0194,Peliculas,"As Above, So Below (2014)","As Above, So Below",movie,OK
VTX-0195,Peliculas,As the Gods Will - MOVIE1 - As the Gods Will.mkv),As the Gods Will,movie,OK
VTX-0196,Peliculas,Asalto En Wall Street (2013),Assault on Wall Street,movie,OK
VTX-0197,Peliculas,Asesino Solitario (2007),War,movie,OK
VTX-0198,Peliculas,Asesinos De Elite (2011),Killer Elite,movie,OK
VTX-0199,Peliculas,Así Crecí (2021),Así Crecí,movie,OK
VTX-0200,Peliculas,Assassins Creed (2016),Assassin's Creed,movie,OK
VTX-0201,Peliculas,Astro Boy (2009),Astro Boy,movie,OK
VTX-0202,Peliculas,Astronauta El Ultimo Impulso (2012),Astronaut: The Last Push,movie,OK
VTX-0203,Peliculas,Atrapame si puedes (2002),Catch Me If You Can,movie,OK
VTX-0206,Peliculas,Aves de Presa y la fantabulosa emancipacion de una Harley Quinn (2020),Birds of Prey (and the Fantabulous Emancipation of One Harley Quinn),movie,OK
VTX-0207,Peliculas,BAC Nord Brigada Anticriminal (2021),BAC Nord,movie,OK
VTX-0208,Peliculas,Bad Boys Para Siempre (2020),Bad Boys for Life,movie,OK
VTX-0209,Peliculas,Bad trip,Bad Trip,movie,OK
VTX-0210,Peliculas,Blade Runner,Blade Runner 2049,movie,OK
VTX-0211,Peliculas,Cementerio de animales El Origen (2023),Pet Sematary: Bloodlines,movie,OK
VTX-0212,Peliculas,Cementerio Maldito (2019),Pet Sematary,movie,OK
VTX-0213,Peliculas,Chucky el muñeco diabolico (1988),Child's Play,movie,OK
VTX-0214,Peliculas,Cocaine Bear (2023),Cocaine Bear,movie,OK
VTX-0216,Peliculas,DEMONIO NEGRO (2023),The Black Demon,movie,OK
VTX-0217,Peliculas,Dumbo (2019),Dumbo,movie,OK
VTX-0218,Peliculas,Dunkerque (2017),Dunkirk,movie,OK
VTX-0219,Peliculas,El Joven Manos de Tijera (1990),Edward Scissorhands,movie,OK
VTX-0220,Peliculas,El Lobo de Wall Street (2013),The Wolf of Wall Street,movie,OK
VTX-0221,Peliculas,El nino con el pijamas de rayas (2022),The Boy in the Striped Pyjamas,movie,OK
VTX-0222,Peliculas,El origen (2010),Inception,movie,OK
VTX-0223,Peliculas,Gravedad (2013),Gravity,movie,OK
VTX-0224,Peliculas,Green Book Una amistad sin fronteras (2019),Green Book,movie,OK
VTX-0225,Peliculas,Hermana Muerte (2023),Sister Death,movie,OK
VTX-0226,Peliculas,Heroico (2023),Heroic,movie,OK
VTX-0227,Peliculas,Horizonte profundo,Deepwater Horizon,movie,OK
VTX-0228,Peliculas,Insidious The Red Door,,,OMITIDO (duplicado del Excel)
VTX-0229,Peliculas,Interestellar,Interstellar,movie,OK
VTX-0230,Peliculas,Joker,Joker,movie,OK
VTX-0231,Peliculas,La Habitacion (2015),Room,movie,OK
VTX-0232,Peliculas,La Isla Siniestra (2010),Shutter Island,movie,OK
VTX-0233,Peliculas,La Médium (2021),Medium,movie,OK
VTX-0234,Peliculas,La Naranja Mecanica (1971),A Clockwork Orange,movie,OK
VTX-0235,Peliculas,La Red Social (2010),The Social Network,movie,OK
VTX-0236,Peliculas,La Resurreccion De Cristo (2016),Risen,movie,OK
VTX-0237,Peliculas,Life of Pi (2012),Life of Pi,movie,OK
VTX-0238,Peliculas,Los Infiltrados (2012),The Departed,movie,OK
VTX-0239,Peliculas,Mision submarino,Hunter Killer,movie,OK
VTX-0240,Peliculas,no es otra pelicula americana,Not Another Teen Movie,movie,OK
VTX-0241,Peliculas,Peter Pan y wendy,Peter Pan & Wendy,movie,OK
VTX-0242,Peliculas,Poseson infernal,Evil Dead (2013),movie,OK
VTX-0243,Peliculas,Power Rangers Ayer Hoy Y Siempre (2023),Power Rangers: Once & Always,movie,OK
VTX-0244,Peliculas,Prometeo,Prometheus,movie,OK
VTX-0245,Peliculas,Scarface (1983),Scarface,movie,OK
VTX-0246,Peliculas,Sicario Tierra de Nadie (2015),Sicario,movie,OK
VTX-0247,Peliculas,Skyfall (2012),Skyfall,movie,OK
VTX-0248,Peliculas,Sonido de libertad (2023),Sound of Freedom,movie,OK
VTX-0249,Peliculas,Tesla,Tesla,movie,OK
VTX-0250,Peliculas,Tierra de Zombies (2009),,,OMITIDO (duplicado del Excel)
VTX-0251,Peliculas,TOGO,Togo,movie,OK
VTX-0252,Peliculas,Uno para morir,Death's Roulette,movie,OK
VTX-0253,Peliculas,War of the Worlds (2005),War of the Worlds,movie,OK
VTX-0254,Peliculas,Warcraft (2016),Warcraft,movie,OK
VTX-0255,Peliculas,Whiplash Musica Y Obsesion (2014),Whiplash,movie,OK
VTX-0256,Peliculas,Willy Wonka and the Chocolate Factory (1971),Willy Wonka & the Chocolate Factory,movie,OK
VTX-0257,Peliculas,Willys Wonderland (2021),Willy's Wonderland,movie,OK
VTX-0258,Peliculas,Winchester (2018),Winchester,movie,OK
VTX-0259,Peliculas,Wolf (2022),Wolf,movie,OK
VTX-0260,Peliculas,Wonder Park (2019),Wonder Park,movie,OK
VTX-0261,Peliculas,X (2022),X,movie,OK
VTX-0262,Peliculas,Y Cómo Es Él (2022),What Is He Like,movie,OK
VTX-0263,Peliculas,Yo antes de ti (2019),Me Before You,movie,OK
VTX-0264,Peliculas,Zombieland Double Tap (2019),,,OMITIDO (duplicado del Excel)
VTX-0265,Peliculas,Zona de Riesgo (2021),Zona de riesgo,movie,OK
VTX-0266,Peliculas Colecciones,Volver al futuro 1,Back to the Future,movie,OK
VTX-0267,Peliculas Colecciones,Volver al futuro 2,Back to the Future Part II,movie,OK
VTX-0268,Peliculas Colecciones,Volver al futuro 3,Back to the Future Part III,movie,OK
VTX-0269,Peliculas Colecciones,XMen Origenes - Wolverine,X-Men Origins: Wolverine,movie,OK
VTX-0270,Peliculas Colecciones,Wolverine Inmortal,The Wolverine,movie,OK
VTX-0271,Peliculas Colecciones,Logan,Logan,movie,OK
VTX-0272,Peliculas Colecciones,Xmen 1,X-Men,movie,OK
VTX-0273,Peliculas Colecciones,Xmen 2,X2: X-Men United,movie,OK
VTX-0274,Peliculas Colecciones,Xmen 3,X-Men: The Last Stand,movie,OK
VTX-0275,Peliculas Colecciones,XMen Apocalypsis,X-Men: Apocalypse,movie,OK
VTX-0276,Peliculas Colecciones,XMen Dark Phoeniix,X-Men: Dark Phoenix,movie,OK
VTX-0277,Peliculas Colecciones,XMen dias del futuro pasado,X-Men: Days of Future Past,movie,OK
VTX-0278,Peliculas Colecciones,XMen Primera Generacion,X-Men: First Class,movie,OK
VTX-0279,Peliculas Colecciones,Transformers 1,Transformers,movie,OK
VTX-0280,Peliculas Colecciones,Transformers 2,Transformers: Revenge of the Fallen,movie,OK
VTX-0281,Peliculas Colecciones,Transformers 3,Transformers: Dark of the Moon,movie,OK
VTX-0282,Peliculas Colecciones,Transformers 4,Transformers: Age of Extinction,movie,OK
VTX-0283,Peliculas Colecciones,Bumble bee,Bumblebee,movie,OK
VTX-0284,Peliculas Colecciones,Terminator 1,The Terminator,movie,OK
VTX-0285,Peliculas Colecciones,Terminator 2,Terminator 2: Judgment Day,movie,OK
VTX-0286,Peliculas Colecciones,Terminator 3,Terminator 3: Rise of the Machines,movie,OK
VTX-0287,Peliculas Colecciones,Terminator Destino oculto,Terminator: Dark Fate,movie,OK
VTX-0288,Peliculas Colecciones,Terminator Genesys,Terminator Genisys,movie,OK
VTX-0289,Peliculas Colecciones,Terminator la salvacion,Terminator Salvation,movie,OK
VTX-0290,Peliculas Colecciones,Star wars episodio I,Star Wars: Episode I - The Phantom Menace,movie,OK
VTX-0291,Peliculas Colecciones,Star wars episodio II,Star Wars: Episode II - Attack of the Clones,movie,OK
VTX-0292,Peliculas Colecciones,Star wars episodio III,Star Wars: Episode III - Revenge of the Sith,movie,OK
VTX-0293,Peliculas Colecciones,Star wars episodio IV,Star Wars: Episode IV - A New Hope,movie,OK
VTX-0294,Peliculas Colecciones,Star wars episodio V,Star Wars: Episode V - The Empire Strikes Back,movie,OK
VTX-0295,Peliculas Colecciones,Star wars episodio VI,Star Wars: Episode VI - Return of the Jedi,movie,OK
VTX-0296,Peliculas Colecciones,Star wars episodio VII,Star Wars: Episode VII - The Force Awakens,movie,OK
VTX-0297,Peliculas Colecciones,Star wars episodio VIII,Star Wars: Episode VIII - The Last Jedi,movie,OK
VTX-0298,Peliculas Colecciones,Star wars episodio IX,Star Wars: Episode IX - The Rise of Skywalker,movie,OK
VTX-0299,Peliculas Colecciones,Star Wars han solo,Solo: A Star Wars Story,movie,OK
VTX-0300,Peliculas Colecciones,Star wars rogue one,Rogue One: A Star Wars Story,movie,OK
VTX-0301,Peliculas Colecciones,Star wars  lego,Lego Star Wars: The Padawan Menace,movie,OK
VTX-0302,Peliculas Colecciones,Star wars biomas,Star Wars: Biomes,movie,OK
VTX-0303,Peliculas Colecciones,Star wars la guerra de los clones - animada,Star Wars: The Clone Wars,movie,OK
VTX-0304,Peliculas Colecciones,Star wars vintage la caravana del valor,The Ewok Adventure,movie,OK
VTX-0305,Peliculas Colecciones,Star wars vintage los ewoks la batalla de endor,Ewoks: The Battle for Endor,movie,OK
VTX-0306,Peliculas Colecciones,Silent Hill,Silent Hill,movie,OK
VTX-0307,Peliculas Colecciones,Silent Hill  2,Silent Hill: Revelation,movie,OK
VTX-0308,Peliculas Colecciones,Sinister 1,Sinister,movie,OK
VTX-0309,Peliculas Colecciones,Sinister 2,Sinister 2,movie,OK
VTX-0310,Peliculas Colecciones,Son como ninnos 1,Grown Ups,movie,OK
VTX-0311,Peliculas Colecciones,Son como ninnos 2,Grown Ups 2,movie,OK
VTX-0312,Peliculas Colecciones,Rocky I,Rocky,movie,OK
VTX-0313,Peliculas Colecciones,Rocky II,Rocky II,movie,OK
VTX-0314,Peliculas Colecciones,Rocky III,Rocky III,movie,OK
VTX-0315,Peliculas Colecciones,Rocky IV,Rocky IV,movie,OK
VTX-0316,Peliculas Colecciones,Rocky V,Rocky V,movie,OK
VTX-0317,Peliculas Colecciones,Rocky Balboa,Rocky Balboa,movie,OK
VTX-0318,Peliculas Colecciones,Sherlock Holmes I,Sherlock Holmes,movie,OK
VTX-0319,Peliculas Colecciones,Sherlock Holmes 2,Sherlock Holmes: A Game of Shadows,movie,OK
VTX-0320,Peliculas Colecciones,Top Gun,Top Gun,movie,OK
VTX-0321,Peliculas Colecciones,Top Gun Maverick,Top Gun: Maverick,movie,OK
VTX-0322,Peliculas Colecciones,01 Resident Evil,Resident Evil,movie,OK
VTX-0323,Peliculas Colecciones,02 Resident Evil Apocalipsis,Resident Evil: Apocalypse,movie,OK
VTX-0324,Peliculas Colecciones,03 Resident Evil Extinction,Resident Evil: Extinction,movie,OK
VTX-0325,Peliculas Colecciones,04 Resident Evil Afterlife,Resident Evil: Afterlife,movie,OK
VTX-0326,Peliculas Colecciones,05 Resident Evil 5 Venganza,Resident Evil: Retribution,movie,OK
VTX-0327,Peliculas Colecciones,06 Resident Evil Capitulo final,Resident Evil: The Final Chapter,movie,OK
VTX-0328,Peliculas Colecciones,Resident Evil Welcome to Raccoon City,Resident Evil: Welcome to Raccoon City,movie,OK
VTX-0329,Peliculas Colecciones,Rapidos y Furiosos 1,The Fast and the Furious,movie,OK
VTX-0330,Peliculas Colecciones,Rapidos y Furiosos 2,2 Fast 2 Furious,movie,OK
VTX-0331,Peliculas Colecciones,Rapidos y Furiosos 3,The Fast and the Furious: Tokyo Drift,movie,OK
VTX-0332,Peliculas Colecciones,Rapidos y Furiosos 4,Fast & Furious,movie,OK
VTX-0333,Peliculas Colecciones,Rapidos y Furiosos 5,Fast Five,movie,OK
VTX-0334,Peliculas Colecciones,Rapidos y Furiosos 6,Fast & Furious 6,movie,OK
VTX-0335,Peliculas Colecciones,Rapidos y Furiosos 7,Furious 7,movie,OK
VTX-0336,Peliculas Colecciones,Rapidos y Furiosos 8,The Fate of the Furious,movie,OK
VTX-0337,Peliculas Colecciones,Rapidos y Furiosos 9,F9,movie,OK
VTX-0338,Peliculas Colecciones,Nadie duerme en el bosque esta noche 1,Nobody Sleeps in the Woods Tonight,movie,OK
VTX-0339,Peliculas Colecciones,Nadie duerme en el bosque esta noche 2,Nobody Sleeps in the Woods Tonight 2,movie,OK
VTX-0340,Peliculas Colecciones,Mision Imposible - Fall out,Mission: Impossible - Fallout,movie,OK
VTX-0341,Peliculas Colecciones,Mision Imposible 1,Mission: Impossible,movie,OK
VTX-0342,Peliculas Colecciones,Mision Imposible 2,Mission: Impossible II,movie,OK
VTX-0343,Peliculas Colecciones,Mision Imposible 3,Mission: Impossible III,movie,OK
VTX-0344,Peliculas Colecciones,Mision Imposible Nacion Secreta,Mission: Impossible - Rogue Nation,movie,OK
VTX-0345,Peliculas Colecciones,Mision Imposible Protocolo fantasma,Mission: Impossible - Ghost Protocol,movie,OK
VTX-0346,Peliculas Colecciones,Mision Imposible Repercusion,,,OMITIDO (duplicado del Excel)
VTX-0347,Peliculas Colecciones,El duende maldito 1,Leprechaun,movie,OK
VTX-0348,Peliculas Colecciones,El duende maldito 2,Leprechaun 2,movie,OK
VTX-0349,Peliculas Colecciones,El duende maldito 4,Leprechaun 4: In Space,movie,OK
VTX-0350,Peliculas Colecciones,El duende maldito regresa,Leprechaun Returns,movie,OK
VTX-0351,Peliculas Colecciones,El hobbit 1,The Hobbit: An Unexpected Journey,movie,OK
VTX-0352,Peliculas Colecciones,El hobbit 2,The Hobbit: The Desolation of Smaug,movie,OK
VTX-0353,Peliculas Colecciones,El hobbit 3,The Hobbit: The Battle of the Five Armies,movie,OK
VTX-0354,Peliculas Colecciones,Jeeper Creepers 1,Jeepers Creepers,movie,OK
VTX-0355,Peliculas Colecciones,Jeeper Creepers 2,Jeepers Creepers 2,movie,OK
VTX-0356,Peliculas Colecciones,Jeeper Creepers 3,Jeepers Creepers 3,movie,OK
VTX-0357,Peliculas Colecciones,Mini Espias 1,Spy Kids,movie,OK
VTX-0358,Peliculas Colecciones,Mini Espias 2,Spy Kids 2: Island of Lost Dreams,movie,OK
VTX-0359,Peliculas Colecciones,Mini Espias 3,Spy Kids 3-D: Game Over,movie,OK
VTX-0360,Peliculas Colecciones,Mini Espias 4,Spy Kids: All the Time in the World,movie,OK
VTX-0361,Peliculas Colecciones,Evil Dead 1,The Evil Dead,movie,OK
VTX-0362,Peliculas Colecciones,Evil Dead 2,Evil Dead II,movie,OK
VTX-0363,Peliculas Colecciones,Anabelle 1,Annabelle,movie,OK
VTX-0364,Peliculas Colecciones,Anabelle 2,Annabelle: Creation,movie,OK
VTX-0365,Peliculas Colecciones,Anabelle 3,Annabelle Comes Home,movie,OK
VTX-0366,Peliculas Colecciones,El conjuro 1,The Conjuring,movie,OK
VTX-0367,Peliculas Colecciones,El conjuro 2,The Conjuring 2,movie,OK
VTX-0368,Peliculas Colecciones,La monja 1,The Nun,movie,OK
VTX-0369,Peliculas Colecciones,La monja 2,The Nun II,movie,OK
VTX-0370,Peliculas Colecciones,Duro de matar 1,Die Hard,movie,OK
VTX-0371,Peliculas Colecciones,Duro de matar 2,Die Hard 2,movie,OK
VTX-0372,Peliculas Colecciones,Duro de matar 3,Die Hard with a Vengeance,movie,OK
VTX-0373,Peliculas Colecciones,Duro de matar 4,Live Free or Die Hard,movie,OK
VTX-0374,Peliculas Colecciones,Duro de matar 5,A Good Day to Die Hard,movie,OK
VTX-0375,Peliculas Colecciones,El aro 1,The Ring,movie,OK
VTX-0376,Peliculas Colecciones,El aro 2,The Ring Two,movie,OK
VTX-0377,Peliculas Colecciones,El aro 3,Rings,movie,OK
VTX-0378,Peliculas Colecciones,El aro 4,Ringu,movie,OK
VTX-0379,Peliculas Colecciones,Matrix 1,The Matrix,movie,OK
VTX-0380,Peliculas Colecciones,Matrix 2,The Matrix Reloaded,movie,OK
VTX-0381,Peliculas Colecciones,Matrix 3,The Matrix Revolutions,movie,OK
VTX-0382,Peliculas Colecciones,Matrix 4,The Matrix Resurrections,movie,OK
VTX-0383,Peliculas Colecciones,Mas barato por docena 1,Cheaper by the Dozen,movie,OK
VTX-0384,Peliculas Colecciones,Mas barato por docena 2,Cheaper by the Dozen 2,movie,OK
VTX-0385,Peliculas Colecciones,Capitan America El primer vengado,Captain America: The First Avenger,movie,OK
VTX-0386,Peliculas Colecciones,Capitan America 2  y el soldado del nverno,Captain America: The Winter Soldier,movie,OK
VTX-0387,Peliculas Colecciones,Capitan America 3 Civil War,Captain America: Civil War,movie,OK
VTX-0388,Peliculas Colecciones,El Increible Hulk,The Incredible Hulk,movie,OK
VTX-0389,Peliculas Colecciones,Shang-Chi y la Leyenda de los Diez Anillos,Shang-Chi and the Legend of the Ten Rings,movie,OK
VTX-0390,Peliculas Colecciones,Black Widow,Black Widow,movie,OK
VTX-0391,Peliculas Colecciones,Iron Man 1,Iron Man,movie,OK
VTX-0392,Peliculas Colecciones,Iron Man 2,Iron Man 2,movie,OK
VTX-0393,Peliculas Colecciones,Iron Man 3,Iron Man 3,movie,OK
VTX-0394,Peliculas Colecciones,Thor 1,Thor,movie,OK
VTX-0395,Peliculas Colecciones,Thor 2 Un mundo oscuro,Thor: The Dark World,movie,OK
VTX-0396,Peliculas Colecciones,Thor 3  Ragnarok,Thor: Ragnarok,movie,OK
VTX-0397,Peliculas Colecciones,Thor 4 Amor y Trueno,Thor: Love and Thunder,movie,OK
VTX-0398,Peliculas Colecciones,Ant man 1,Ant-Man,movie,OK
VTX-0399,Peliculas Colecciones,AntMan 2 & Wasp,Ant-Man and the Wasp,movie,OK
VTX-0400,Peliculas Colecciones,Ant-Man 3 and the Wasp - Quantumania,Ant-Man and the Wasp: Quantumania,movie,OK
VTX-0401,Peliculas Colecciones,Guardianes de la Galaxia 1,Guardians of the Galaxy,movie,OK
VTX-0402,Peliculas Colecciones,Guardianes de la Galaxia 2,Guardians of the Galaxy Vol. 2,movie,OK
VTX-0403,Peliculas Colecciones,The Avengers,The Avengers,movie,OK
VTX-0404,Peliculas Colecciones,The Avengers 2 Era de Ultron,Avengers: Age of Ultron,movie,OK
VTX-0405,Peliculas Colecciones,The Avengers 3 Infinity War,Avengers: Infinity War,movie,OK
VTX-0406,Peliculas Colecciones,The Avengers 4 Endgame,Avengers: Endgame,movie,OK
VTX-0407,Peliculas Colecciones,Capitana Marvel,Captain Marvel,movie,OK
VTX-0408,Peliculas Colecciones,Doctor Strange Hechicero supremo,Doctor Strange,movie,OK
VTX-0409,Peliculas Colecciones,Doctor Strange 2 in the Multiverse of Madness,Doctor Strange in the Multiverse of Madness,movie,OK
VTX-0410,Peliculas Colecciones,Pantera Negra,Black Panther,movie,OK
VTX-0411,Peliculas Colecciones,Pantera Negra 2 Wakanda por siempre,Black Panther: Wakanda Forever,movie,OK
VTX-0412,Peliculas Colecciones,Spider-Man 1 De regreso a casa,Spider-Man: Homecoming,movie,OK
VTX-0413,Peliculas Colecciones,Spider-Man 2 Lejos De Casa,Spider-Man: Far From Home,movie,OK
VTX-0414,Peliculas Colecciones,SpiderMan 3 Sin Camino a Casa Edicion Extendida,Spider-Man: No Way Home,movie,OK
VTX-0415,Peliculas Colecciones,La Purga 1,The Purge,tv,OK
VTX-0416,Peliculas Colecciones,La Purga 2,The Purge: Anarchy,movie,OK
VTX-0417,Peliculas Colecciones,La Purga 3,The Purge: Election Year,movie,OK
VTX-0418,Peliculas Colecciones,La Purga 4,The First Purge,movie,OK
VTX-0419,Peliculas Colecciones,La Purga 5,The Forever Purge,movie,OK
VTX-0420,Peliculas Colecciones,Jurassc Park 1,Jurassic Park,movie,OK
VTX-0421,Peliculas Colecciones,Jurassc Park 2,The Lost World: Jurassic Park,movie,OK
VTX-0422,Peliculas Colecciones,Jurassc Park 3,Jurassic Park III,movie,OK
VTX-0423,Peliculas Colecciones,Jurassc Park 4,Jurassic World,movie,OK
VTX-0424,Peliculas Colecciones,Jurassc Park 5,Jurassic World: Fallen Kingdom,movie,OK
VTX-0425,Peliculas Colecciones,Kng Kong 1,King Kong,movie,OK
VTX-0426,Peliculas Colecciones,Kng Kong 2,Kong: Skull Island,movie,OK
VTX-0427,Peliculas Colecciones,La Leyenda del tesoro perddo 1,National Treasure,movie,OK
VTX-0428,Peliculas Colecciones,La Leyenda del tesoro perddo 2,National Treasure: Book of Secrets,movie,OK
VTX-0429,Peliculas Colecciones,La bruja de Blair 1,The Blair Witch Project,movie,OK
VTX-0430,Peliculas Colecciones,La bruja de Blair 2,Book of Shadows: Blair Witch 2,movie,OK
VTX-0431,Peliculas Colecciones,La bruja de Blair 3,Blair Witch,movie,OK
VTX-0432,Peliculas Colecciones,John Wck 1,John Wick,movie,OK
VTX-0433,Peliculas Colecciones,John Wck 2,John Wick: Chapter 2,movie,OK
VTX-0434,Peliculas Colecciones,John Wck 3,John Wick: Chapter 3 - Parabellum,movie,OK
VTX-0435,Peliculas Colecciones,John Wck 4,John Wick: Chapter 4,movie,OK
VTX-0436,Peliculas Colecciones,Hannibal 1 el slenco de los nocentes,The Silence of the Lambs,movie,OK
VTX-0437,Peliculas Colecciones,Hannibal 2,Hannibal,movie,OK
VTX-0438,Peliculas Colecciones,Hannibal 3 dragon rojo,Red Dragon,movie,OK
VTX-0439,Peliculas Colecciones,Hannibal 4 - el orgen del mal,Hannibal Rising,movie,OK
VTX-0440,Peliculas Colecciones,Harry Potter 1,Harry Potter and the Philosopher's Stone,movie,OK
VTX-0441,Peliculas Colecciones,Harry Potter 2,Harry Potter and the Chamber of Secrets,movie,OK
VTX-0442,Peliculas Colecciones,Harry Potter 3,Harry Potter and the Prisoner of Azkaban,movie,OK
VTX-0443,Peliculas Colecciones,Harry Potter 4,Harry Potter and the Goblet of Fire,movie,OK
VTX-0444,Peliculas Colecciones,Harry Potter 5,Harry Potter and the Order of the Phoenix,movie,OK
VTX-0445,Peliculas Colecciones,Harry Potter 6,Harry Potter and the Half-Blood Prince,movie,OK
VTX-0446,Peliculas Colecciones,Harry Potter 7,Harry Potter and the Deathly Hallows: Part 1,movie,OK
VTX-0447,Peliculas Colecciones,IT 1,It,movie,OK
VTX-0448,Peliculas Colecciones,IT 2,It Chapter Two,movie,OK
VTX-0449,Peliculas Colecciones,IT 3,It (1990),tv,OK
VTX-0450,Peliculas Colecciones,Jason Bourne 1,The Bourne Identity,movie,OK
VTX-0451,Peliculas Colecciones,Jason Bourne 2,The Bourne Supremacy,movie,OK
VTX-0452,Peliculas Colecciones,Jason Bourne 3,The Bourne Ultimatum,movie,OK
VTX-0453,Peliculas Colecciones,Jason Bourne 4,The Bourne Legacy,movie,OK
VTX-0454,Peliculas Colecciones,Jason Bourne 5,Jason Bourne,movie,OK
VTX-0455,Peliculas Colecciones,Héroe de Centro Comercial 1,Paul Blart: Mall Cop,movie,OK
VTX-0456,Peliculas Colecciones,Héroe de Centro Comercial 2,Paul Blart: Mall Cop 2,movie,OK
VTX-0457,Peliculas Colecciones,Caza fantasmas 2016,Ghostbusters (2016),movie,OK
VTX-0458,Peliculas Colecciones,Caza fantasmas el legado 2020,Ghostbusters: Afterlife,movie,OK
VTX-0459,Peliculas Colecciones,Caza fantasmas 1,Ghostbusters,movie,OK
VTX-0460,Peliculas Colecciones,Caza fantasmas 2,Ghostbusters II,movie,OK
VTX-0461,Peliculas Colecciones,Gremlins 1,Gremlins,movie,OK
VTX-0462,Peliculas Colecciones,Gremlins 2,Gremlins 2: The New Batch,movie,OK
VTX-0463,Peliculas Colecciones,Godzilla 1,Godzilla,movie,OK
VTX-0464,Peliculas Colecciones,Godzilla 2,Godzilla: King of the Monsters,movie,OK
VTX-0465,Peliculas Colecciones,Godzilla 3,Godzilla x Kong: The New Empire,movie,OK
VTX-0466,Peliculas Colecciones,Godzilla vs kong,Godzilla vs. Kong,movie,OK
VTX-0467,Peliculas Colecciones,Halloween 1,Halloween,movie,OK
VTX-0468,Peliculas Colecciones,Halloween 2,Halloween II,movie,OK
VTX-0469,Peliculas Colecciones,Halloween 3,Halloween III: Season of the Witch,movie,OK
VTX-0470,Peliculas Colecciones,Halloween 4,Halloween 4: The Return of Michael Myers,movie,OK
VTX-0471,Peliculas Colecciones,Halloween 5,Halloween 5: The Revenge of Michael Myers,movie,OK
VTX-0472,Peliculas Colecciones,Halloween 6,Halloween: The Curse of Michael Myers,movie,OK
VTX-0473,Peliculas Colecciones,Halloween 7,Halloween H20: 20 Years Later,movie,OK
VTX-0474,Peliculas Colecciones,Halloween 8,Halloween: Resurrection,movie,OK
VTX-0475,Peliculas Colecciones,Halloween 9,Halloween Kills,movie,OK
VTX-0476,Peliculas Colecciones,Star Trek 1,Star Trek: The Motion Picture,movie,OK
VTX-0477,Peliculas Colecciones,Star Trek 2,Star Trek II: The Wrath of Khan,movie,OK
VTX-0478,Peliculas Colecciones,Star Trek 3,Star Trek III: The Search for Spock,movie,OK
VTX-0479,Peliculas Colecciones,Star Trek 4,Star Trek IV: The Voyage Home,movie,OK
VTX-0480,Peliculas Colecciones,Star Trek 5,Star Trek V: The Final Frontier,movie,OK
VTX-0481,Peliculas Colecciones,Star Trek 6,Star Trek VI: The Undiscovered Country,movie,OK
VTX-0482,Peliculas Colecciones,Star Trek 7,Star Trek: Generations,movie,OK
VTX-0483,Peliculas Colecciones,Star Trek 8,Star Trek: First Contact,movie,OK
VTX-0484,Peliculas Colecciones,Star Trek 9,Star Trek: Insurrection,movie,OK
VTX-0485,Peliculas Colecciones,Star Trek 10,Star Trek: Nemesis,movie,OK
VTX-0486,Peliculas Colecciones,Star trek 2009,Star Trek,movie,OK
VTX-0487,Peliculas Colecciones,Star Trek En la oscuridad,Star Trek Into Darkness,movie,OK
VTX-0488,Peliculas Colecciones,Star Trek Sin Limites,Star Trek Beyond,movie,OK
VTX-0489,Peliculas Colecciones,Star Trek por amor a spok,For the Love of Spock,movie,OK
VTX-0490,Peliculas Colecciones,Furia de titanes 1,Clash of the Titans,movie,OK
VTX-0491,Peliculas Colecciones,Furia de titanes 2,Wrath of the Titans,movie,OK
VTX-0492,Peliculas Colecciones,Fragmentado 1,Split,movie,OK
VTX-0493,Peliculas Colecciones,Fragmentado 2 - glass,Glass,movie,OK
VTX-0494,Peliculas Colecciones,Fragmentado - El protegido,Unbreakable,movie,OK
VTX-0495,Peliculas Colecciones,Escupire en tu tumba 1,I Spit on Your Grave,movie,OK
VTX-0496,Peliculas Colecciones,Escupire en tu tumba 2,I Spit on Your Grave 2,movie,OK
VTX-0497,Peliculas Colecciones,Escupire en tu tumba 3,I Spit on Your Grave III: Vengeance is Mine,movie,OK
VTX-0498,Peliculas Colecciones,Exterminio 1,28 Days Later,movie,OK
VTX-0499,Peliculas Colecciones,Exterminio 2,28 Weeks Later,movie,OK
VTX-0500,Peliculas Colecciones,El stand de los besos 1,The Kissing Booth,movie,OK
VTX-0501,Peliculas Colecciones,El stand de los besos 2,The Kissing Booth 2,movie,OK
VTX-0502,Peliculas Colecciones,El transportador 1,The Transporter,movie,OK
VTX-0503,Peliculas Colecciones,El transportador 2,Transporter 2,movie,OK
VTX-0504,Peliculas Colecciones,El transportador 3,Transporter 3,movie,OK
VTX-0505,Peliculas Colecciones,El transportador 4,The Transporter Refueled,movie,OK
VTX-0506,Peliculas Colecciones,Spider man 1,Spider-Man,movie,OK
VTX-0507,Peliculas Colecciones,Spider man 2,Spider-Man 2,movie,OK
VTX-0508,Peliculas Colecciones,Spider man 3,Spider-Man 3,movie,OK
VTX-0509,Peliculas Colecciones,The amazing Spider man 1,The Amazing Spider-Man,movie,OK
VTX-0510,Peliculas Colecciones,The amazing Spider man 2,The Amazing Spider-Man 2,movie,OK
VTX-0511,Peliculas Colecciones,El padrino 1,The Godfather,movie,OK
VTX-0512,Peliculas Colecciones,El padrino 2,The Godfather Part II,movie,OK
VTX-0513,Peliculas Colecciones,El padrino 3,The Godfather Part III,movie,OK
VTX-0514,Peliculas Colecciones,Saw 1,Saw,movie,OK
VTX-0515,Peliculas Colecciones,Saw 2,Saw II,movie,OK
VTX-0516,Peliculas Colecciones,Saw 3,Saw III,movie,OK
VTX-0517,Peliculas Colecciones,Saw 4,Saw IV,movie,OK
VTX-0518,Peliculas Colecciones,Saw 5,Saw V,movie,OK
VTX-0519,Peliculas Colecciones,Saw 6,Saw VI,movie,OK
VTX-0520,Peliculas Colecciones,Saw 7,Saw 3D,movie,OK
VTX-0521,Peliculas Colecciones,Jig saw el juego continua 1,Jigsaw,movie,OK
VTX-0522,Peliculas Colecciones,Jig saw el juego continua 2,Spiral: From the Book of Saw,movie,OK
VTX-0523,Peliculas Colecciones,Doom 1,Doom,movie,OK
VTX-0524,Peliculas Colecciones,Doom 2,Doom: Annihilation,movie,OK
VTX-0525,Peliculas Colecciones,Divergent 1,Divergent,movie,OK
VTX-0526,Peliculas Colecciones,Divergent 2,Insurgent,movie,OK
VTX-0527,Peliculas Colecciones,Divergent 3,Allegiant,movie,OK
VTX-0528,Peliculas Colecciones,Dia de la independencia 1,Independence Day,movie,OK
VTX-0529,Peliculas Colecciones,Dia de la independencia 2,Independence Day: Resurgence,movie,OK
VTX-0530,Peliculas Colecciones,Depredador 1,Predator,movie,OK
VTX-0531,Peliculas Colecciones,Depredador 2,Predator 2,movie,OK
VTX-0532,Peliculas Colecciones,Depredador 3,Predators,movie,OK
VTX-0533,Peliculas Colecciones,Depredador 4,The Predator,movie,OK
VTX-0534,Peliculas Colecciones,Depredador 5,Prey,movie,OK
VTX-0535,Peliculas Colecciones,Creed 1,Creed,movie,OK
VTX-0536,Peliculas Colecciones,Creed 2,Creed II,movie,OK
VTX-0537,Peliculas Colecciones,Crank 1,Crank,movie,OK
VTX-0538,Peliculas Colecciones,Crank 2,Crank: High Voltage,movie,OK
VTX-0539,Peliculas Colecciones,Como si fuera la primera vez 1,50 First Dates,movie,OK
VTX-0540,Peliculas Colecciones,Como si fuera la primera vez 2,,,OMITIDO (duplicado del Excel)
VTX-0541,Peliculas Colecciones,El Señor de los Anillos 1,The Lord of the Rings: The Fellowship of the Ring,movie,OK
VTX-0542,Peliculas Colecciones,El Señor de los Anillos 2,The Lord of the Rings: The Two Towers,movie,OK
VTX-0543,Peliculas Colecciones,El Señor de los Anillos 3,The Lord of the Rings: The Return of the King,movie,OK
VTX-0544,Peliculas Colecciones,Masacre en texas 1,The Texas Chain Saw Massacre,movie,OK
VTX-0545,Peliculas Colecciones,Masacre en texas 2,The Texas Chainsaw Massacre,movie,OK
VTX-0546,Peliculas Colecciones,Masacre en texas 3,The Texas Chainsaw Massacre: The Beginning,movie,OK
VTX-0547,Peliculas Colecciones,Masacre en texas 4,Texas Chainsaw 3D,movie,OK
VTX-0548,Peliculas Colecciones,Masacre en texas 5,Leatherface,movie,OK
VTX-0549,Peliculas Colecciones,Masacre en texas 6,Texas Chainsaw Massacre (2022),movie,OK
VTX-0550,Peliculas Colecciones,Cube 1,Cube,movie,OK
VTX-0551,Peliculas Colecciones,Cube 2,Cube 2: Hypercube,movie,OK
VTX-0552,Peliculas Colecciones,Cube 3,Cube Zero,movie,OK
VTX-0553,Peliculas Colecciones,Crepusculo 1,Twilight,movie,OK
VTX-0554,Peliculas Colecciones,Crepusculo 2,The Twilight Saga: New Moon,movie,OK
VTX-0555,Peliculas Colecciones,Crepusculo 3,The Twilight Saga: Eclipse,movie,OK
VTX-0556,Peliculas Colecciones,Crepusculo 4,The Twilight Saga: Breaking Dawn - Part 1,movie,OK
VTX-0557,Peliculas Colecciones,Crepusculo 5,The Twilight Saga: Breaking Dawn - Part 2,movie,OK
VTX-0558,Peliculas Colecciones,Cloverfield 1,Cloverfield,movie,OK
VTX-0559,Peliculas Colecciones,Cloverfield 2,10 Cloverfield Lane,movie,OK
VTX-0560,Peliculas Colecciones,Cloverfield 3,The Cloverfield Paradox,movie,OK
VTX-0561,Peliculas Colecciones,Blade 1,Blade,movie,OK
VTX-0562,Peliculas Colecciones,Blade 2,Blade II,movie,OK
VTX-0563,Peliculas Colecciones,Blade 3,Blade: Trinity,movie,OK
VTX-0564,Peliculas Colecciones,Especies 1,Species,movie,OK
VTX-0565,Peliculas Colecciones,Especies 2,Species II,movie,OK
VTX-0566,Peliculas Colecciones,Especies 3,Species III,movie,OK
VTX-0567,Peliculas Colecciones,Especies 4,Species: The Awakening,movie,OK
VTX-0568,Peliculas Colecciones,Hellboy 1,Hellboy,movie,OK
VTX-0569,Peliculas Colecciones,Hellboy 2,Hellboy II: The Golden Army,movie,OK
VTX-0570,Peliculas Colecciones,Hellboy 3,Hellboy (2019),movie,OK
VTX-0571,Peliculas Colecciones,La noche del demonio 1,Insidious,movie,OK
VTX-0572,Peliculas Colecciones,La noche del demonio 2,Insidious: Chapter 2,movie,OK
VTX-0573,Peliculas Colecciones,La noche del demonio 3,Insidious: Chapter 3,movie,OK
VTX-0574,Peliculas Colecciones,La noche del demonio 4,Insidious: The Last Key,movie,OK
VTX-0575,Peliculas Colecciones,La noche del demonio 5,Insidious: The Red Door,movie,OK
VTX-0576,Peliculas Colecciones,Pitch 1,Pitch Perfect,movie,OK
VTX-0577,Peliculas Colecciones,Pitch 2,Pitch Perfect 2,movie,OK
VTX-0578,Peliculas Colecciones,Pitch 3,Pitch Perfect 3,movie,OK
VTX-0579,Peliculas Colecciones,A mi altura 1,Tall Girl,movie,OK
VTX-0580,Peliculas Colecciones,A mi altura 2,Tall Girl 2,movie,OK
VTX-0581,Peliculas Colecciones,Abracadabra 1,Hocus Pocus,movie,OK
VTX-0582,Peliculas Colecciones,Abracadabra 2,Hocus Pocus 2,movie,OK
VTX-0583,Peliculas Colecciones,Actividad paranormal 1,Paranormal Activity,movie,OK
VTX-0584,Peliculas Colecciones,Actividad paranormal 2,Paranormal Activity 2,movie,OK
VTX-0585,Peliculas Colecciones,Actividad paranormal 3,Paranormal Activity 3,movie,OK
VTX-0586,Peliculas Colecciones,Actividad paranormal 4,Paranormal Activity 4,movie,OK
VTX-0587,Peliculas Colecciones,Actividad paranormal 5,Paranormal Activity: The Marked Ones,movie,OK
VTX-0588,Peliculas Colecciones,Actividad paranormal 6,Paranormal Activity: The Ghost Dimension,movie,OK
VTX-0589,Peliculas Colecciones,Actividad paranormal 7,Paranormal Activity: Next of Kin,movie,OK
VTX-0590,Peliculas Colecciones,Alicia en el pais de las maravillas 1951,Alice in Wonderland,movie,OK
VTX-0591,Peliculas Colecciones,Alicia en el pais de las maravillas 2010,Alice in Wonderland (2010),movie,OK
VTX-0592,Peliculas Colecciones,Alicia a traves del espejo,Alice Through the Looking Glass,movie,OK
VTX-0593,Peliculas Colecciones,Alien 1,Alien,movie,OK
VTX-0594,Peliculas Colecciones,Alien 2,Aliens,movie,OK
VTX-0595,Peliculas Colecciones,Alien 3,Alien³,movie,OK
VTX-0596,Peliculas Colecciones,Alien 4,Alien: Resurrection,movie,OK
VTX-0597,Peliculas Colecciones,Alien 5,Alien: Covenant,movie,OK
VTX-0598,Peliculas Colecciones,Alien vs depredador 1,AVP: Alien vs. Predator,movie,OK
VTX-0599,Peliculas Colecciones,Alien vs depredador 2,Aliens vs. Predator: Requiem,movie,OK
VTX-0600,Peliculas Colecciones,Animales fantasticos 1,Fantastic Beasts and Where to Find Them,movie,OK
VTX-0601,Peliculas Colecciones,Animales fantasticos 2,Fantastic Beasts: The Crimes of Grindelwald,movie,OK
VTX-0602,Peliculas Colecciones,Animales fantasticos 3,Fantastic Beasts: The Secrets of Dumbledore,movie,OK
VTX-0603,Peliculas Colecciones,Batman 1,Batman,movie,OK
VTX-0604,Peliculas Colecciones,Batman 2,Batman Returns,movie,OK
VTX-0605,Peliculas Colecciones,Batman 3,Batman Forever,movie,OK
VTX-0606,Peliculas Colecciones,Batman begins,Batman Begins,movie,OK
VTX-0607,Peliculas Colecciones,The dark knight 1,The Dark Knight,movie,OK
VTX-0608,Peliculas Colecciones,The dark knight 2,The Dark Knight Rises,movie,OK
VTX-0609,Peliculas Colecciones,Rec 1,[REC],movie,OK
VTX-0610,Peliculas Colecciones,Rec 2,[REC] 2,movie,OK
VTX-0611,Peliculas Colecciones,Rec 3,[REC] 3: Genesis,movie,OK
VTX-0612,Peliculas Colecciones,Alvin y las ardillas 1,Alvin and the Chipmunks,movie,OK
VTX-0613,Peliculas Colecciones,Alvin y las ardillas 2,Alvin and the Chipmunks: The Squeakquel,movie,OK
VTX-0614,Peliculas Colecciones,Alvin y las ardillas 3,Alvin and the Chipmunks: Chipwrecked,movie,OK
VTX-0615,Peliculas Colecciones,Alvin y las ardillas 4,Alvin and the Chipmunks: The Road Chip,movie,OK
VTX-0616,Peliculas Colecciones,300 1,300,movie,OK
VTX-0617,Peliculas Colecciones,300 2,300: Rise of an Empire,movie,OK
VTX-0618,Peliculas Colecciones,Cincuenta Sombras de Grey (2015),Fifty Shades of Grey,movie,OK
VTX-0619,Peliculas Colecciones,50 Sombras Negras (2016),Fifty Shades Darker,movie,OK
VTX-0620,Peliculas Colecciones,Pirates of the Caribbean - At World's End (2007),Pirates of the Caribbean: At World's End,movie,OK
VTX-0621,Peliculas Colecciones,Pirates of the Caribbean - Dead Man's Chest (2006),Pirates of the Caribbean: Dead Man's Chest,movie,OK
VTX-0622,Peliculas Colecciones,Pirates of the Caribbean - Dead Men Tell No Tales (2017),Pirates of the Caribbean: Dead Men Tell No Tales,movie,OK
VTX-0623,Peliculas Colecciones,Pirates of the Caribbean - On Stranger Tides (2011),Pirates of the Caribbean: On Stranger Tides,movie,OK
VTX-0624,Peliculas Colecciones,Pirates of the Caribbean - The Curse of the Black Pearl (2003),Pirates of the Caribbean: The Curse of the Black Pearl,movie,OK
VTX-0625,Peliculas Colecciones,Zombie land 1,Zombieland,movie,OK
VTX-0626,Peliculas Colecciones,Zombie land 2,Zombieland: Double Tap,movie,OK
VTX-0627,Peliculas Colecciones,A Quiet Place (2018),A Quiet Place,movie,OK
VTX-0628,Peliculas Colecciones,A Quiet Place - Part II (2021),A Quiet Place Part II,movie,OK
VTX-0629,Peliculas Colecciones,A todos los chicos de los que me enamoré (2018),To All the Boys I've Loved Before,movie,OK
VTX-0630,Peliculas Colecciones,A todos los chicos P.D. Todavía te quiero (2020),To All the Boys: P.S. I Still Love You,movie,OK
VTX-0631,Peliculas Colecciones,A todos los chicos Para Siempre (2021),To All the Boys: Always and Forever,movie,OK
VTX-0632,Peliculas Colecciones,Avatar (2009),Avatar,movie,OK
VTX-0633,Peliculas Colecciones,Avatar El camino del agua (2023),Avatar: The Way of Water,movie,OK
VTX-0634,Peliculas Colecciones,El exorcista (1974),The Exorcist,movie,OK
VTX-0635,Peliculas Colecciones,El Exorcista (2000),,,OMITIDO (duplicado del Excel)
VTX-0636,Peliculas Colecciones,El exorcista II El hereje (1978),Exorcist II: The Heretic,movie,OK
VTX-0637,Peliculas Colecciones,El exorcista III (1990),The Exorcist III,movie,OK
VTX-0638,Peliculas Colecciones,Pesadilla en la calle del infierno (1984),A Nightmare on Elm Street,movie,OK
VTX-0639,Peliculas Colecciones,Pesadilla en la calle del infierno 2 (1985),A Nightmare on Elm Street Part 2: Freddy's Revenge,movie,OK
VTX-0640,Peliculas Colecciones,Pesadilla en la calle del infierno 3 (1987),A Nightmare on Elm Street 3: Dream Warriors,movie,OK
VTX-0641,Peliculas Colecciones,Pesadilla en la calle del infierno 4 (1988),A Nightmare on Elm Street 4: The Dream Master,movie,OK
VTX-0642,Peliculas Colecciones,Pesadilla en la calle del infierno 5 (1989),A Nightmare on Elm Street 5: The Dream Child,movie,OK
VTX-0643,Peliculas Colecciones,Pesadilla en la calle del infierno 6 (1991),Freddy's Dead: The Final Nightmare,movie,OK
VTX-0644,Peliculas Colecciones,Pesadilla en la calle del infierno 7 - La Nueva Pesadilla (1994),Wes Craven's New Nightmare,movie,OK
VTX-0645,Peliculas Colecciones,Pesadilla en la calle Elm (2010),Pesadilla en la calle Elm,movie,OK
VTX-0646,Anime,Black Clover,Black Clover,tv,OK
VTX-0647,Anime,Nier Automata,NieR: Automata Ver1.1a,tv,OK
VTX-0648,Anime,Record of Ragnarok,Record of Ragnarok,tv,OK
VTX-0649,Anime,Vinland Saga,Vinland Saga,tv,OK
VTX-0650,Anime,Saint seiya,Saint Seiya,tv,OK
VTX-0651,Anime,Chainsaw man,Chainsaw Man,tv,OK
VTX-0653,Anime,Death note,Death Note,tv,OK
VTX-0654,Anime,One piece,One Piece,tv,OK
VTX-0655,Anime,Saint Seiya Lost Canvas,Saint Seiya: The Lost Canvas,tv,OK
VTX-0656,Anime,Saint Seiya Saintia Sho,Saint Seiya: Saintia Sho,tv,OK
VTX-0657,Anime,Saint Seiya Soul of Gold,Saint Seiya: Soul of Gold,tv,OK
VTX-0658,Anime,Sain Seiya Hades,Saint Seiya: The Hades Chapter,tv,OK
VTX-0659,Anime,Star Wars Visions,Star Wars: Visions,tv,OK
VTX-0660,Anime,Elfen Lied,Elfen Lied,tv,OK
VTX-0661,Anime,Hellsing,Hellsing,tv,OK
VTX-0662,Anime,Berserk,Berserk,tv,OK
VTX-0663,Anime,Claymore,Claymore,tv,OK
VTX-0664,Anime,High School of the dead,High School of the Dead,tv,OK
VTX-0665,Anime,Tokyo Revengers,Tokyo Revengers,tv,OK
VTX-0666,Anime,Tokyo Ghoul,Tokyo Ghoul,tv,OK
VTX-0667,Anime,Naruto,Naruto,tv,OK
VTX-0668,Anime,Naruto Shippuden,Naruto Shippuden,tv,OK
VTX-0669,Anime,Sword art online,Sword Art Online,tv,OK
VTX-0670,Anime,Soul Eater,Soul Eater,tv,OK
VTX-0671,Anime,Spy X Family,Spy x Family,tv,OK
VTX-0672,Anime,Overlord,Overlord,tv,OK
VTX-0673,Anime,Odd taxi,Odd Taxi,tv,OK
VTX-0674,Anime,Evangelion,Neon Genesis Evangelion,tv,OK
VTX-0675,Anime,Mob Psycho,Mob Psycho 100,tv,OK
VTX-0676,Anime,Junji Ito Maniac,Junji Ito Maniac: Japanese Tales of the Macabre,tv,OK
VTX-0677,Anime,My Hero Academia,My Hero Academia,tv,OK
VTX-0678,Anime,Shadow house,Shadows House,tv,OK
VTX-0679,Anime,One Punch man,One Punch Man,tv,OK
VTX-0680,Anime,Seven Deadly sins,The Seven Deadly Sins,tv,OK
VTX-0681,Anime,Serial Experiments Lain,Serial Experiments Lain,tv,OK
VTX-0682,Anime,K-ON,K-On!,tv,OK
VTX-0683,Anime,Little witch academia,Little Witch Academia,tv,OK
VTX-0684,Anime,Sword Art Online- Alternative Gun Gale Online,Sword Art Online Alternative: Gun Gale Online,tv,OK
VTX-0685,Anime,Tekken Bloodline,Tekken: Bloodline,tv,OK
VTX-0686,Anime,Terraformars,Terra Formars,tv,OK
VTX-0687,Anime,Great Teacher Onizuka,Great Teacher Onizuka,tv,OK
VTX-0688,Anime,Jojo's Bizarre adventure,JoJo's Bizarre Adventure,tv,OK
VTX-0689,Anime,Tengen Toppa Gurren Lagan,Tengen Toppa Gurren Lagann,tv,OK
VTX-0690,Anime,Housing Complex C,Housing Complex C,tv,OK
VTX-0691,Anime,Hunter X Hunter,Hunter x Hunter,tv,OK
VTX-0692,Anime,Dragon Quest,Dragon Quest: The Adventure of Dai,tv,OK
VTX-0693,Anime,Inuyasha,Inuyasha,tv,OK
VTX-0694,Anime,Cells at work,Cells at Work,tv,OK
VTX-0695,Anime,Code geass,Code Geass,tv,OK
VTX-0696,Anime,Jujutsu Kaisen,Jujutsu Kaisen,tv,OK
VTX-0697,Anime,Ao No Exorcist,Blue Exorcist,tv,OK
VTX-0698,Anime,Full metal alchemist brotherhood,Fullmetal Alchemist: Brotherhood,tv,OK
VTX-0699,Anime,Attack on Titans,Attack on Titan,tv,OK
VTX-0700,Anime,Dr Stone,Dr. Stone,tv,OK
VTX-0701,Anime,SK8,SK8 the Infinity,tv,OK
VTX-0702,Anime,86,86,tv,OK
VTX-0703,Anime,Dota,DOTA: Dragon's Blood,tv,OK
VTX-0704,Anime,Berserk nuevo,Berserk (2016),tv,OK
VTX-0705,Anime,Berserk Edad de oro,Berserk: The Golden Age Arc,tv,OK
VTX-0706,Anime,Bleach,Bleach,tv,OK
VTX-0707,Anime,Aggretsuko,Aggretsuko,tv,OK
VTX-0708,Anime,Baki,Baki,tv,OK
VTX-0709,Anime,Kimetsu no yaiba,Demon Slayer: Kimetsu no Yaiba,tv,OK
VTX-0710,Anime Peliculas,A perfect Blue,Perfect Blue,movie,OK
VTX-0711,Anime Peliculas,5 centmetros per second,5 Centimeters per Second,movie,OK
VTX-0712,Anime Peliculas,My hero academia 1,My Hero Academia: Two Heroes,movie,OK
VTX-0713,Anime Peliculas,My hero academia 2,My Hero Academia: Heroes Rising,movie,OK
VTX-0714,Anime Peliculas,My hero academia 3,My Hero Academia: World Heroes Mission,movie,OK
VTX-0715,Anime Peliculas,Naruto 1,Naruto the Movie: Ninja Clash in the Land of Snow,movie,OK
VTX-0716,Anime Peliculas,Naruto 2,Naruto the Movie 2: Legend of the Stone of Gelel,movie,OK
VTX-0717,Anime Peliculas,Naruto 3,Naruto the Movie 3: Guardians of the Crescent Moon Kingdom,movie,OK
VTX-0718,Anime Peliculas,Naruto Shippuden 1,Naruto Shippuden the Movie,movie,OK
VTX-0719,Anime Peliculas,Naruto Shippuden 2,Naruto Shippuden the Movie: Bonds,movie,OK
VTX-0720,Anime Peliculas,Naruto Shippuden 3,Naruto Shippuden the Movie: The Will of Fire,movie,OK
VTX-0721,Anime Peliculas,Naruto Shippuden 4,Naruto Shippuden the Movie: The Lost Tower,movie,OK
VTX-0722,Anime Peliculas,Naruto Shippuden 5,Naruto Shippuden the Movie: Blood Prison,movie,OK
VTX-0723,Anime Peliculas,Naruto Shippuden 6,Road to Ninja: Naruto the Movie,movie,OK
VTX-0724,Anime Peliculas,Naruto Shippuden 7,The Last: Naruto the Movie,movie,OK
VTX-0725,Anime Peliculas,Boruto 1,Boruto: Naruto the Movie,movie,OK
VTX-0726,Anime Peliculas,Ghost in the shell 1,Ghost in the Shell,movie,OK
VTX-0727,Anime Peliculas,Ghost in the shell 2,Ghost in the Shell 2: Innocence,movie,OK
VTX-0728,Anime Peliculas,Ghost in the shell 3,Ghost in the Shell: Stand Alone Complex - Solid State Society,movie,OK
VTX-0729,Anime Peliculas,Ghost in the shell 4,Ghost in the Shell: The New Movie,movie,OK
VTX-0730,Anime Peliculas,Ghost in the shell 5,La vigilante del futuro: Ghost in the Shell,movie,OK
VTX-0731,Anime Peliculas,Akira (1988),,,OMITIDO (duplicado del Excel)
VTX-0732,Anime Peliculas,Dragon Ball Aventura Mistica (1988),Dragon Ball: Mystical Adventure,movie,OK
VTX-0733,Anime Peliculas,Dragon Ball El Camino hacia el Poder (1996),Dragon Ball: The Path to Power,movie,OK
VTX-0734,Anime Peliculas,Dragon Ball La Leyenda del Dragon Shenlong (1986),Dragon Ball: Curse of the Blood Rubies,movie,OK
VTX-0735,Anime Peliculas,Dragon Ball La Princesa Durmiente En El Castillo del Espiritu Maligno (1987),Dragon Ball: Sleeping Princess in Devil's Castle,movie,OK
VTX-0736,Anime Peliculas,Dragon Ball Z Devuelvanme a mi Gohan (1989),Dragon Ball Z: Dead Zone,movie,OK
VTX-0737,Anime Peliculas,Dragon Ball Z El Ataque del Dragon (1995),Dragon Ball Z: Wrath of the Dragon,movie,OK
VTX-0738,Anime Peliculas,Dragon Ball Z El Combate Final (1994),Dragon Ball Z: Bio-Broly,movie,OK
VTX-0739,Anime Peliculas,Dragon Ball Z El Hombre Mas Fuerte del Mundo (1990),Dragon Ball Z: The World's Strongest,movie,OK
VTX-0740,Anime Peliculas,Dragon Ball Z El Padre de Goku (1990),Dragon Ball Z: Bardock - The Father of Goku,movie,OK
VTX-0741,Anime Peliculas,Dragon Ball Z El Poder Invencible (1993),Dragon Ball Z: Broly - The Legendary Super Saiyan,movie,OK
VTX-0742,Anime Peliculas,Dragon Ball Z El Regreso del Guerrero Legendario (1994),Dragon Ball Z: Broly - Second Coming,movie,OK
VTX-0743,Anime Peliculas,Dragon Ball Z Gohan y Trunks (1993),Dragon Ball Z: The History of Trunks,movie,OK
VTX-0744,Anime Peliculas,Dragon Ball Z Goku es un Super Saiyajin (1991),Dragon Ball Z: Lord Slug,movie,OK
VTX-0745,Anime Peliculas,Dragon Ball Z La Batalla Decisiva de la Tierra (1990),Dragon Ball Z: The Tree of Might,movie,OK
VTX-0746,Anime Peliculas,Dragon Ball Z La Fusion de Goku y Vegeta (1995),Dragon Ball Z: Fusion Reborn,movie,OK
VTX-0747,Anime Peliculas,Dragon Ball Z La Galaxia Corre Peligro (1993),Dragon Ball Z: Bojack Unbound,movie,OK
VTX-0748,Anime Peliculas,Dragon Ball Z La Pelea de los Tres Saiyajin (1992),Dragon Ball Z: Super Android 13!,movie,OK
VTX-0749,Anime Peliculas,Dragon Ball Z Los Rivales Mas Poderosos (1991),Dragon Ball Z: Cooler's Revenge,movie,OK
VTX-0750,Anime Peliculas,Los Caballeros del Zodiaco La leyenda del santuario (2014),Saint Seiya: Legend of Sanctuary,movie,OK
VTX-0751,Anime Peliculas,Los Caballeros del Zodiaco y la gran batalla de los dioses (1988,Saint Seiya: The Heated Battle of the Gods,movie,OK
VTX-0752,Anime Peliculas,Los Caballeros del Zodiaco y la reencarnacion de Ellis diosa de la guerra (1987),Saint Seiya: Evil Goddess Eris,movie,OK
VTX-0753,Anime Peliculas,Saint Seiya Los caballeros del Zodiaco Contra Lucifer (2007),Saint Seiya: Warriors of the Final Holy War,movie,OK
VTX-0754,Anime Peliculas,Saint Seiya Los Caballeros del Zodiaco Contraatacan (1994),Saint Seiya: Legend of Crimson Youth,movie,OK
VTX-0755,Infantiles Series,Clarence,Clarence,tv,OK
VTX-0756,Infantiles Series,Un show Mas,Regular Show,tv,OK
VTX-0757,Infantiles Series,Escandalosos,We Bare Bears,tv,OK
VTX-0758,Infantiles Series,Hora de aventura,Adventure Time,tv,OK
VTX-0759,Infantiles Series,Hora de aventura Terras Lejanas,Adventure Time: Distant Lands,tv,OK
VTX-0760,Infantiles Series,Las Sombrias aventuras de Billy y Mandy,The Grim Adventures of Billy & Mandy,tv,OK
VTX-0761,Infantiles Series,Coraje el perro cobarde,Courage the Cowardly Dog,tv,OK
VTX-0762,Infantiles Series,I am Groot,I Am Groot,tv,OK
VTX-0763,Infantiles Series,Steven Universe,Steven Universe,tv,OK
VTX-0764,Infantiles Series,Hora de aventura Fiona y Cake,Adventure Time: Fionna and Cake,tv,OK
VTX-0765,Infantiles Peliculas,The Monkey King,,,OMITIDO (duplicado del Excel)
VTX-0766,Infantiles Peliculas,Star wars  lego,,,OMITIDO (duplicado del Excel)
VTX-0767,Infantiles Peliculas,Star wars la guerra de los clones - animada,,,OMITIDO (duplicado del Excel)
VTX-0768,Infantiles Peliculas,Rio 1,Rio,movie,OK
VTX-0769,Infantiles Peliculas,Rio 2,Rio 2,movie,OK
VTX-0770,Infantiles Peliculas,Toy Story 1,Toy Story,movie,OK
VTX-0771,Infantiles Peliculas,Toy Story 2,Toy Story 2,movie,OK
VTX-0772,Infantiles Peliculas,Toy Story 3,Toy Story 3,movie,OK
VTX-0773,Infantiles Peliculas,Toy Story 4,Toy Story 4,movie,OK
VTX-0774,Infantiles Peliculas,Toy Story de terror,Toy Story of Terror!,movie,OK
VTX-0775,Infantiles Peliculas,Toy Story Olvidados en el tiempo,Toy Story That Time Forgot,movie,OK
VTX-0776,Infantiles Peliculas,Toy Story Extra Small,Toy Story: Small Fry,movie,OK
VTX-0777,Infantiles Peliculas,Toy Story Fiesta Saurus Rex,Toy Story: Partysaurus Rex,movie,OK
VTX-0778,Infantiles Peliculas,Monster INC,"Monsters, Inc.",movie,OK
VTX-0779,Infantiles Peliculas,Monster University,Monsters University,movie,OK
VTX-0780,Infantiles Peliculas,Moster corto 1,Mike's New Car,movie,OK
VTX-0781,Infantiles Peliculas,Moster corto 2,Party Central,movie,OK
VTX-0782,Infantiles Peliculas,Iron Man y Capitan America Heroes Unidos de Marvel,Iron Man & Captain America: Heroes United,movie,OK
VTX-0783,Infantiles Peliculas,Las aventuras de los super heroes de Marvel Combate sobre hielo,Marvel Super Hero Adventures: Frost Fight!,movie,OK
VTX-0784,Infantiles Peliculas,Spider-Man - Into the Spider-Verse,Spider-Man: Into the Spider-Verse,movie,OK
VTX-0785,Infantiles Peliculas,Madagascar 1,Madagascar,movie,OK
VTX-0786,Infantiles Peliculas,Madagascar 2,Madagascar: Escape 2 Africa,movie,OK
VTX-0787,Infantiles Peliculas,Madagascar 3,Madagascar 3: Europe's Most Wanted,movie,OK
VTX-0788,Infantiles Peliculas,Frozen 1,Frozen,movie,OK
VTX-0789,Infantiles Peliculas,Frozen 2,Frozen II,movie,OK
VTX-0790,Infantiles Peliculas,Frozen fiebre congelada,Frozen Fever,movie,OK
VTX-0791,Infantiles Peliculas,Frozen - Olaf una aventura congelada,Olaf's Frozen Adventure,movie,OK
VTX-0792,Infantiles Peliculas,Frozen- mito un cuento de frozen,Once Upon a Snowman,movie,OK
VTX-0793,Infantiles Peliculas,El rey Leon 1,The Lion King,movie,OK
VTX-0794,Infantiles Peliculas,El rey Leon 2,The Lion King II: Simba's Pride,movie,OK
VTX-0795,Infantiles Peliculas,El rey Leon 3,The Lion King 1½,movie,OK
VTX-0796,Infantiles Peliculas,El rey Leon - live action,The Lion King (2019),movie,OK
VTX-0797,Infantiles Peliculas,Shrek 1,Shrek,movie,OK
VTX-0798,Infantiles Peliculas,Shrek 2,Shrek 2,movie,OK
VTX-0799,Infantiles Peliculas,Shrek 3,Shrek the Third,movie,OK
VTX-0800,Infantiles Peliculas,Shrek 4,Shrek Forever After,movie,OK
VTX-0801,Infantiles Peliculas,Shrek ova navidad,Shrek the Halls,movie,OK
VTX-0802,Infantiles Peliculas,Cars 1,Cars,movie,OK
VTX-0803,Infantiles Peliculas,Cars 2,Cars 2,movie,OK
VTX-0804,Infantiles Peliculas,Cars 3,Cars 3,movie,OK
VTX-0805,Infantiles Peliculas,101 dalmatas,101 Dalmatians,movie,OK
VTX-0806,Infantiles Peliculas,102 dalmatas,102 Dalmatians,movie,OK
VTX-0807,Infantiles Peliculas,9,9,movie,OK
VTX-0808,Infantiles Peliculas,Atlantis 2 El regreso de Milo (2003),Atlantis: Milo's Return,movie,OK
VTX-0809,Infantiles Peliculas,Atlantis El imperio perdido (2001),Atlantis: The Lost Empire,movie,OK
VTX-0810,Infantiles Peliculas,WALLE (2008),WALL·E,movie,OK
VTX-0811,Infantiles Peliculas,Coco,Coco,movie,OK
VTX-0812,Infantiles Peliculas,Coraline y la puerta secreta (2009),Coraline,movie,OK
VTX-0813,Infantiles Peliculas,El Extrano Mundo de Jack (1993),The Nightmare Before Christmas,movie,OK
VTX-0814,Infantiles Peliculas,Frankenweenie (2012),Frankenweenie,movie,OK
VTX-0815,Peliculas,Alice (Subservience) (2024),Subservience,movie,OK
VTX-0816,Peliculas,Alien Romulus (2024),Alien: Romulus,movie,OK
VTX-0817,Peliculas,Amigos Imaginarios (2024),IF,movie,OK
VTX-0818,Peliculas,Amores materialistas (2025),Materialists,movie,OK
VTX-0819,Peliculas,Bad Boys - Ride or Die (2024),Bad Boys: Ride or Die,movie,OK
VTX-0820,Peliculas,Batman Azteca Choque de Imperios (2025),Batman Azteca: Clash of Empires,movie,OK
VTX-0821,Peliculas,Beetlejuice Beetlejuice (2024),Beetlejuice Beetlejuice,movie,OK
VTX-0822,Peliculas,BORDERLANDS (2024),Borderlands,movie,OK
VTX-0823,Peliculas,Capitan America Un Nuevo Mundo (2025),Captain America: Brave New World,movie,OK
VTX-0825,Peliculas,Codigo Traje Rojo (2024) (Red One),Red One,movie,OK
VTX-0826,Peliculas,Como entrenar a tu dragon (2025),How to Train Your Dragon,movie,OK
VTX-0827,Peliculas Colecciones,Deadpool & Wolverine (2024),Deadpool & Wolverine,movie,OK
VTX-0828,Peliculas Colecciones,Despicable Me 4 (2024),Despicable Me 4,movie,OK
VTX-0829,Peliculas,El abismo secreto (2025),The Secret Abyss,movie,OK
VTX-0830,Peliculas,El codigo Da Vinci (2006),The Da Vinci Code,movie,OK
VTX-0831,Peliculas Colecciones,El Conjuro 4 Últimos Ritos (2025),The Conjuring: Last Rites,movie,OK
VTX-0832,Peliculas,El Planeta De Los Simios Nuevo Reino (2024),Kingdom of the Planet of the Apes,movie,OK
VTX-0833,Peliculas,Elio (2025),Elio,movie,OK
VTX-0834,Peliculas,Exterminio La Evolución (2025),28 Years Later,movie,OK
VTX-0835,Peliculas,Haz Que Regrese (2025),Bring Her Back,movie,OK
VTX-0836,Peliculas,Imaginario (2024),Imaginary,movie,OK
VTX-0837,Peliculas Colecciones,Intensamente 2 (2024),Inside Out 2,movie,OK
VTX-0838,Peliculas Colecciones,Joker Folie à Deux (2024),Joker: Folie à Deux,movie,OK
VTX-0839,Peliculas,Jurassic World Renace (2025),Jurassic World Rebirth,movie,OK
VTX-0840,Peliculas,Karate Kid Leyendas (2025),Karate Kid: Legends,movie,OK
VTX-0841,Peliculas,La hora de la desaparicion (2025),The Hour of Disappearance,movie,OK
VTX-0842,Peliculas,Lilo y Stitch (2025),Lilo & Stitch (2025),movie,OK
VTX-0843,Peliculas,LONGLEGS COLECCIONISTA DE ALMAS (2024),Longlegs,movie,OK
VTX-0844,Peliculas,Los 4 Fantasticos Primeros pasos (2025),The Fantastic Four: First Steps,movie,OK
VTX-0845,Peliculas,Moana 2 (2024),Moana 2,movie,OK
VTX-0846,Peliculas,Napoleon The Directors Cut (2024),Napoleon,movie,OK
VTX-0847,Peliculas,Pecadores (2025),Sinners,movie,OK
VTX-0848,Peliculas,Proyecto fin del mundo (2026),Proyecto Fin del Mundo,movie,OK
VTX-0849,Peliculas,Romper El Circulo (2024),Romper el círculo,movie,OK
VTX-0850,Peliculas,SE lo que hicieron el verano pasado (2025),I Know What You Did Last Summer,movie,OK
VTX-0851,Peliculas,SHADOW FORCE (2025),Shadow Force,movie,OK
VTX-0852,Peliculas Colecciones,Sonic 3 La Pelicula (2024),Sonic the Hedgehog 3,movie,OK
VTX-0853,Peliculas Colecciones,Sonic La pelicula (2020),Sonic the Hedgehog,movie,OK
VTX-0854,Peliculas,Soy Frankelda (2025),I Am Frankelda,movie,OK
VTX-0855,Peliculas Colecciones,Super Mario Galaxy La Pelicula (2026),The Super Mario Galaxy Movie,movie,OK
VTX-0856,Peliculas,Superman (2025),Superman,movie,OK
VTX-0857,Peliculas,The Garfield Movie (2024),The Garfield Movie,movie,OK
VTX-0858,Peliculas,The Wild Robot (2024),The Wild Robot,movie,OK
VTX-0859,Peliculas,Thunderbolts (2025),Thunderbolts*,movie,OK
VTX-0860,Peliculas,Transformers One (2024),Transformers One,movie,OK
VTX-0861,Peliculas Colecciones,Un Lugar en Silencio Dia Uno (2024),A Quiet Place: Day One,movie,OK
VTX-0862,Peliculas,Una pelicula de Minecraft (2025),A Minecraft Movie,movie,OK
VTX-0863,Peliculas,Venom El Ultimo Baile (2024),Venom: The Last Dance,movie,OK
VTX-0864,Peliculas,Wicked (2024),Wicked,movie,OK
VTX-0865,Peliculas,Y Donde esta el Policia (2025),The Naked Gun,movie,OK
VTX-0866,Peliculas Colecciones,Zootopia 2 (2025),Zootopia 2,movie,OK
VTX-0867,Series,Sonic Prime,Sonic Prime,tv,OK
VTX-0868,Peliculas Colecciones,Hangover 1,The Hangover,movie,OK
VTX-0869,Peliculas Colecciones,Hangover 2,The Hangover Part II,movie,OK
VTX-0870,Peliculas Colecciones,Hangover 3,The Hangover Part III,movie,OK
VTX-0871,Peliculas Colecciones,Scary Movie 1,Scary Movie,movie,OK
VTX-0872,Peliculas Colecciones,Scary Movie 2,Scary Movie 2,movie,OK
VTX-0873,Peliculas Colecciones,Scary Movie 3,Scary Movie 3,movie,OK
VTX-0874,Peliculas Colecciones,Scary Movie 4,Scary Movie 4,movie,OK
VTX-0875,Anime,Dan Dan Dan,Dandadan,tv,OK
VTX-0876,Series,The Last of US,,,OMITIDO (duplicado del Excel)
VTX-0877,Peliculas,Historias Cruzadas,The Help,movie,OK
VTX-0878,Peliculas Colecciones,Obi Wan Kenobi el retorno de un Jedi,Obi-Wan Kenobi: A Jedi's Return,movie,OK
VTX-0879,Series,The boys,The Boys,tv,OK
VTX-0880,Series,Chespirito,Chespirito,tv,OK
VTX-0881,Series,Halo,Halo,tv,OK
VTX-0882,Peliculas,Frankenstein,Frankenstein (2025),movie,OK
VTX-0883,Series,Ted,Ted,tv,OK
VTX-0884,Peliculas,El rey mono,The Monkey King,movie,OK
VTX-0885,Peliculas,Greenland,Greenland,movie,OK
VTX-0886,Peliculas,Jinete sin cabeza,Sleepy Hollow,movie,OK
VTX-0887,Peliculas,Anaconda,Anaconda,movie,OK
VTX-0888,Anime,Cyber Punk edge runner,Cyberpunk: Edgerunners,tv,OK
VTX-0889,Anime,Junji itou Collection,Junji Ito Collection,tv,OK
VTX-0890,Anime,Uzumaki,Uzumaki,tv,OK
VTX-0891,Anime,Pluto,Pluto,tv,OK
VTX-0892,Peliculas,Peaky Blinders El hombre inmortal,Peaky Blinders: The Immortal Man,movie,OK
VTX-0893,Peliculas,Steve Jobs,Steve Jobs,movie,OK
VTX-0894,Series,Invasion,Invasion,tv,OK
VTX-0895,Anime,Ninja Kamui,Ninja Kamui,tv,OK
VTX-0896,Anime,Mashle Magic And Muscles,Mashle: Magic and Muscles,tv,OK
VTX-0897,Anime,Dragon Ball Z,Dragon Ball Z,tv,OK
VTX-0898,Anime,Beach the War of Thousand Years,,,OMITIDO (duplicado del Excel)
VTX-0899,Anime,Dragon Ball Super,Dragon Ball Super,tv,OK
VTX-0900,Anime,Dragon Ball Daima,Dragon Ball Daima,tv,OK
VTX-0901,Anime Peliculas,Dragon ball super hero Movie,Dragon Ball Super: Super Hero,movie,OK
VTX-0902,Anime Peliculas,Dragon ball super la resurreccion de freezer,Dragon Ball Z: Resurrection 'F',movie,OK
VTX-0903,Anime Peliculas,Dragon ball super Broly,Dragon Ball Super: Broly,movie,OK
VTX-0904,Anime,Baki Hanma,Baki Hanma,tv,OK
VTX-0905,Anime,Baki Dou,Baki Dou,tv,OK
VTX-0906,Anime Peliculas,Dragon ball Z la batalla de los Dioses,Dragon Ball Z: Battle of Gods,movie,OK
VTX-0907,Anime Peliculas,Hanma Baki vs Kagenman Asura,Baki Hanma vs Kengan Ashura,movie,OK
VTX-0908,Peliculas Colecciones,Hombres de negro 1,Men in Black,movie,OK
VTX-0909,Peliculas Colecciones,Hombres de negro 2,Men in Black II,movie,OK
VTX-0910,Peliculas Colecciones,Hombres de negro 3,Men in Black 3,movie,OK
VTX-0912,Peliculas,Frankenstein,,,OMITIDO (duplicado del Excel)
VTX-0914,Anime Peliculas,Seven Deadly sins Ensa no Edinburgh Part 1 y 2,The Seven Deadly Sins: Grudge of Edinburgh Part 1,movie,OK
VTX-0915,Anime Peliculas,Seven Deadly sins Movie 2,The Seven Deadly Sins: Cursed by Light,movie,OK
VTX-0916,Anime,Vigilante My hero academia,My Hero Academia: Vigilantes,tv,OK
VTX-0917,Anime,Dororo,Dororo,tv,OK
VTX-0918,Anime Peliculas,My hero academia 4,My Hero Academia: You're Next,movie,OK
VTX-0918,Anime,Devil may cry 2007,Devil May Cry: The Animated Series,tv,OK
VTX-0919,Anime,Devil may cry 2025,Devil May Cry,tv,OK
VTX-0920,Anime,Solo Levelin,Solo Leveling,tv,OK
VTX-0921,Series,Digital Circus,The Amazing Digital Circus,tv,OK
VTX-0922,Anime,Bleach Thousand Year Blood War,Bleach: Thousand-Year Blood War,tv,OK
VTX-0923,Anime,Ergo Proxy,Ergo Proxy,tv,OK
VTX-0924,Peliculas,Morbius,Morbius,movie,OK
VTX-0925,Peliculas,Tron 2,Tron: Legacy,movie,OK
VTX-0926,Series,Zombieverso,Zombieverse,tv,OK
VTX-0927,Series,Avatar la leyenda de Ang,Avatar: The Last Airbender,tv,OK
VTX-0928,Series,Berlin,Berlin,tv,OK
VTX-0929,Series,Berlin y la dama del arminno,Berlín y la dama del armiño,tv,OK
VTX-0930,Series,Arcane,Arcane,tv,OK
VTX-0931,Anime,hajime no ippo,Hajime no Ippo,tv,OK
VTX-0933,Anime Peliculas,Evangelion 4 peliculas,Evangelion: 1.0 You Are (Not) Alone,movie,OK
VTX-0934,Series,Dexter Resurrection,Dexter: Resurrection,tv,OK
VTX-0935,Series,Loki,Loki,tv,OK
VTX-0936,Series,Spider Noir,Spider-Noir,tv,OK
VTX-0937,Series,"The walking dead, Dead City",The Walking Dead: Dead City,tv,OK
VTX-0938,Peliculas,Avatar 3 pelicula Fuego y cenizas,Avatar: Fire and Ash,movie,OK
VTX-0940,Peliculas,San Andreas,San Andreas,movie,OK
VTX-0941,Peliculas,The Shining,The Shining,movie,OK
VTX-0942,Anime Peliculas,El ninno y la garza,,,OMITIDO (duplicado del Excel)
VTX-0944,Peliculas Colecciones,Dunne 1,Dune,movie,OK
VTX-0945,Peliculas Colecciones,Dunne 2,Dune: Part Two,movie,OK
VTX-0946,Series,From,From,tv,OK
VTX-0947,Series,Duna La profesia,Dune: Prophecy,tv,OK
VTX-0948,Series,Drake y Josh,Drake & Josh,tv,OK
VTX-0949,Series,From,,,OMITIDO (duplicado del Excel)
VTX-0950,Series,La Maldicion de Widows Bay,Widow's Bay,tv,OK
VTX-0951,Series,Gambito de Dama,The Queen's Gambit,tv,OK
VTX-0952,Series,Star Wars Skeleton Crew,Star Wars: Skeleton Crew,tv,OK
VTX-0953,Series,MR Bean,Mr. Bean,tv,OK
VTX-0954,Series,Midnight Gospel,The Midnight Gospel,tv,OK
VTX-0955,Anime,The Fable,The Fable,tv,OK
VTX-0956,Series,El pinguino,The Penguin,tv,OK
VTX-0957,Series,Los 100,The 100,tv,OK
VTX-0958,Series,The midnight Gospel,,,OMITIDO (duplicado del Excel)
VTX-0959,Series,Yo soy Betty la fea,Yo soy Betty la fea,tv,OK
VTX-0960,Infantiles Series,Las Perrerias de Myke,Las Perrerías de Mike,tv,OK
VTX-0961,Peliculas,Deadpool 1,Deadpool,movie,OK
VTX-0962,Peliculas,Deadpool 2,Deadpool 2,movie,OK
VTX-0963,Peliculas Colecciones,MadMax 1,Mad Max,movie,OK
VTX-0964,Peliculas Colecciones,MadMax 2,Mad Max 2: The Road Warrior,movie,OK
VTX-0965,Peliculas Colecciones,MadMax 3,Mad Max Beyond Thunderdome,movie,OK
VTX-0966,Peliculas Colecciones,MadMax 4,Mad Max: Fury Road,movie,OK
VTX-0967,Peliculas Colecciones,MadMax 5,Furiosa: A Mad Max Saga,movie,OK
VTX-0969,Peliculas,Ninnera a prueba de balas,The Pacifier,movie,OK
VTX-0970,Peliculas Colecciones,Malefica 1,Maleficent,movie,OK
VTX-0971,Peliculas Colecciones,Malefica 2,Maleficent: Mistress of Evil,movie,OK
VTX-0972,Peliculas Colecciones,Guardianes de la Galaxia 3,Guardians of the Galaxy Vol. 3,movie,OK
VTX-0973,Peliculas Colecciones,Bad Boys 1,Bad Boys,movie,OK
VTX-0974,Peliculas Colecciones,Bad Boys 2,Bad Boys II,movie,OK
VTX-0975,Infantiles Peliculas,La Bella y la bestia 1,Beauty and the Beast (1991),movie,OK
VTX-0976,Infantiles Peliculas,La Bella y la bestia 2,Beauty and the Beast: The Enchanted Christmas,movie,OK
VTX-0977,Infantiles Peliculas,La Bella y la bestia 3,Belle's Magical World,movie,OK
VTX-0978,Peliculas,La Bella y la Bestia Live Action,Beauty and the Beast,movie,OK
VTX-0979,Infantiles Peliculas,Lilo y Stitch 1,Lilo & Stitch,movie,OK
VTX-0980,Infantiles Peliculas,Lilo y Stitch 2,Lilo & Stitch 2: Stitch Has a Glitch,movie,OK
VTX-0981,Infantiles Peliculas,Lilo y Stitch 3,Stitch! The Movie,movie,OK
VTX-0982,Infantiles Peliculas,Lilo y Stitch 4,Leroy & Stitch,movie,OK
VTX-0983,Peliculas Colecciones,Juegos del Hambre 1,The Hunger Games,movie,OK
VTX-0984,Peliculas Colecciones,Juegos del Hambre 2,The Hunger Games: Catching Fire,movie,OK
VTX-0985,Peliculas Colecciones,Juegos del Hambre 3,The Hunger Games: Mockingjay Part 1,movie,OK
VTX-0986,Peliculas Colecciones,Juegos del Hambre 4,The Hunger Games: Mockingjay Part 2,movie,OK
VTX-0987,Peliculas Colecciones,Juegos del Hambre 5,The Hunger Games: The Ballad of Songbirds and Snakes,movie,OK
VTX-0993,Infantiles Peliculas,Mulan 1,Mulan,movie,OK
VTX-0994,Infantiles Peliculas,Mulan 2,Mulan II,movie,OK
VTX-0995,Peliculas,Mulan Live action,Mulan (2020),movie,OK
VTX-0996,Infantiles Peliculas,Pinocho,Pinocchio,movie,OK
VTX-0997,Peliculas,Pinocho Live Action,Pinocchio (2022),movie,OK
VTX-0998,Peliculas Colecciones,Sonic 2,Sonic the Hedgehog 2,movie,OK
VTX-0999,Infantiles Peliculas,Raya y el ultimo dragon,Raya and the Last Dragon,movie,OK
VTX-1000,Infantiles Peliculas,Bichos,A Bug's Life,movie,OK
VTX-1001,Infantiles Peliculas,Blanca nieves y los siete enanos,Snow White and the Seven Dwarfs,movie,OK
VTX-1002,Infantiles Peliculas,Bolt un perro fuera de serie,Bolt,movie,OK
VTX-1003,Infantiles Peliculas,Buscando a Dory,Finding Dory,movie,OK
VTX-1004,Infantiles Peliculas,Buscando a nemo,Finding Nemo,movie,OK
VTX-1005,Infantiles Peliculas,El caldero magico,The Black Cauldron,movie,OK
VTX-1006,Infantiles Peliculas,El zorro y el sabueso 1,The Fox and the Hound,movie,OK
VTX-1007,Infantiles Peliculas,El zorro y el sabueso 2,The Fox and the Hound 2,movie,OK
VTX-1008,Infantiles Peliculas,Elementos,,,OMITIDO (duplicado del Excel)
VTX-1009,Infantiles Peliculas,Goofy 1,A Goofy Movie,movie,OK
VTX-1010,Infantiles Peliculas,Goofy 2,An Extremely Goofy Movie,movie,OK
VTX-1011,Infantiles Peliculas,La espada en la piedra,The Sword in the Stone,movie,OK
VTX-1012,Infantiles Peliculas,101 dalmatas - La noche de las narices frias,One Hundred and One Dalmatians,movie,OK
VTX-1013,Infantiles Peliculas,La princesa y el sapo,The Princess and the Frog,movie,OK
VTX-1014,Infantiles Peliculas,Las aventuras de Winnie Pooh,The Many Adventures of Winnie the Pooh,movie,OK
VTX-1015,Infantiles Peliculas,Los increibles 1,The Incredibles,movie,OK
VTX-1016,Infantiles Peliculas,Los increibles 2,Incredibles 2,movie,OK
VTX-1017,Infantiles Peliculas,Luca,Luca,movie,OK
VTX-1018,Infantiles Peliculas,Pato aventuras el tesoro de la lampara perdida,DuckTales the Movie: Treasure of the Lost Lamp,movie,OK
VTX-1019,Infantiles Peliculas,Oliver y su pandilla,Oliver & Company,movie,OK
VTX-1020,Infantiles Peliculas,Peter Pan,Peter Pan,movie,OK
VTX-1021,Infantiles Peliculas,Policias y ratones,The Great Mouse Detective,movie,OK
VTX-1022,Infantiles Peliculas,Red,Turning Red,movie,OK
VTX-1023,Infantiles Peliculas,Robin Hood,Robin Hood,tv,OK
VTX-1024,Infantiles Peliculas,Tierra de osos 1,Brother Bear,movie,OK
VTX-1025,Infantiles Peliculas,Tierra de osos 2,Brother Bear 2,movie,OK
VTX-1026,Infantiles Peliculas,Up,Up,movie,OK
VTX-1027,Infantiles Peliculas,Vida salvaje,The Wild,movie,OK
VTX-1028,Infantiles Peliculas,"Wish, el poder de los  deseos",Wish,movie,OK
VTX-1029,Infantiles Peliculas,Winie the pooh,Winnie the Pooh,movie,OK
VTX-1030,Infantiles Peliculas,Zootopia,Zootopia,movie,OK
VTX-1032,Series,Common side effect,Common Side Effects,tv,OK
VTX-1033,Animados,El show de cuphead,The Cuphead Show!,tv,OK
VTX-1034,Infantiles Series,Kung fu panda el guerrero dragon,Kung Fu Panda: The Dragon Knight,tv,OK
VTX-1035,Animados,Little Demon,Little Demon,tv,OK
VTX-1036,Infantiles Series,Los Pinguinos de Madagasccar,The Penguins of Madagascar,tv,OK
VTX-1037,Animados,Mr Pickles,Mr. Pickles,tv,OK
VTX-1038,Animados,Panteon,Pantheon,tv,OK
VTX-1039,Anime,Blade of the inmortal,,,OMITIDO (duplicado del Excel)
VTX-1040,Anime,Castlevania,Castlevania,tv,OK
VTX-1041,Animados,Dragon striker,Dragon Striker,tv,OK
VTX-1042,Anime,Karakuri Circus,Karakuri Circus,tv,OK
VTX-1043,Anime,Monster rancher,Monster Rancher,tv,OK
VTX-1044,Anime,Pokemon,Pokémon,tv,OK
VTX-1045,Anime,Rick and morty the anime,Rick and Morty: The Anime,tv,OK
VTX-1046,Anime,Tower of god,Tower of God,tv,OK
VTX-1047,Infantiles Series,Amoung us,Among Us,tv,OK
VTX-1048,Infantiles Series,Campamento de verano,Summer Camp Island,tv,OK
VTX-1049,Infantiles Series,Card aventuras en camino,Cars on the Road,tv,OK
VTX-1050,Infantiles Series,"Dragones, los nueve reinos",Dragons: The Nine Realms,tv,OK
VTX-1051,Infantiles Series,El espectacular hombre aranna,,,OMITIDO (duplicado del Excel)
VTX-1052,Infantiles Series,Iwaju,Iwájú,tv,OK
VTX-1053,Infantiles Series,Jurassic World campamento cretasico,Jurassic World: Camp Cretaceous,tv,OK
VTX-1054,Infantiles Series,Jurassic Worl teoria del dinocaos,Jurassic World: Chaos Theory,tv,OK
VTX-1055,Infantiles Series,Kung fu panda el guerrero dragon,,,OMITIDO (duplicado del Excel)
VTX-1056,Infantiles Series,La casa Buho,The Owl House,tv,OK
VTX-1058,Infantiles Series,Las leyendas,Las Leyendas,tv,OK
VTX-1059,Infantiles Series,Las leyendas criaturas ocultas,Las Leyendas: Creaturas Ocultas,tv,OK
VTX-1060,Infantiles Series,Lol Surprise casa de sorpresas,LOL Surprise! House of Surprises,tv,OK
VTX-1061,Infantiles Series,Maya y los 3,Maya and the Three,tv,OK
VTX-1062,Infantiles Series,Monster high,Monster High,tv,OK
VTX-1063,Infantiles Series,Oni la leyenda del dios trueno,Oni: Thunder God's Tale,tv,OK
VTX-1065,Infantiles Series,Mundo Pocoyo,Pocoyo,tv,OK
VTX-1066,Infantiles Peliculas,Los pinguinos de Madagascar,Penguins of Madagascar,movie,OK
VTX-1067,Peliculas Colecciones,Destino Final 1,Final Destination,movie,OK
VTX-1068,Peliculas Colecciones,Destino Final 2,Final Destination 2,movie,OK
VTX-1069,Peliculas Colecciones,Destino Final 3,Final Destination 3,movie,OK
VTX-1070,Peliculas Colecciones,Destino Final 4,The Final Destination,movie,OK
VTX-1071,Peliculas Colecciones,Destino Final 5,Final Destination 5,movie,OK
VTX-1072,Peliculas Colecciones,Mi abuela es un peligro 1,Big Momma's House,movie,OK
VTX-1073,Peliculas Colecciones,Mi abuela es un peligro 2,Big Momma's House 2,movie,OK
VTX-1074,Peliculas Colecciones,Mi abuela es un peligro 3,"Big Momma's House: Like Father, Like Son",movie,OK
VTX-1075,Peliculas Colecciones,Mi pobre angelito 1,Home Alone,movie,OK
VTX-1076,Peliculas Colecciones,Mi pobre angelito 2,Home Alone 2: Lost in New York,movie,OK
VTX-1077,Peliculas Colecciones,Mi pobre angelito 3,Home Alone 3,movie,OK
VTX-1078,Peliculas Colecciones,Mi pobre angelito 4,Home Alone 4: Taking Back the House,movie,OK
VTX-1079,Peliculas Colecciones,Mi pobre angelito 5,Home Alone: The Holiday Heist,movie,OK
VTX-1080,Peliculas Colecciones,Mi pobre angelito 6,Home Sweet Home Alone,movie,OK
VTX-1081,Peliculas Colecciones,Terrifier 1,Terrifier,movie,OK
VTX-1082,Peliculas Colecciones,Terrifier 2,Terrifier 2,movie,OK
VTX-1083,Peliculas Colecciones,Terrifier 3,Terrifier 3,movie,OK
VTX-1084,Peliculas Colecciones,BeetleJuice (1988),Beetlejuice,movie,OK
VTX-1085,Peliculas Colecciones,Charlie y la abrica de chocolates,Charlie and the Chocolate Factory,movie,OK
VTX-1086,Peliculas Colecciones,Ed wood,Ed Wood,movie,OK
VTX-1087,Peliculas Colecciones,El cadaver de la novia,Corpse Bride,movie,OK
VTX-1088,Peliculas Colecciones,El gran pez,Big Fish,movie,OK
VTX-1089,Peliculas Colecciones,El planeta de los simios (2001),Planet of the Apes,movie,OK
VTX-1090,Peliculas Colecciones,La gran aventura pee-wee,Pee-wee's Big Adventure,movie,OK
VTX-1091,Peliculas Colecciones,Marcianos al ataque,Mars Attacks!,movie,OK
VTX-1092,Peliculas Colecciones,Ojos Grandes,Big Eyes,movie,OK
VTX-1093,Peliculas Colecciones,Sombras tenebrosas,Dark Shadows,movie,OK
VTX-1094,Peliculas Colecciones,Sweeney el barbero demoniaco,Sweeney Todd: The Demon Barber of Fleet Street,movie,OK
VTX-1095,Peliculas Colecciones,Una noche en el museo 1,Night at the Museum,movie,OK
VTX-1096,Peliculas Colecciones,Una noche en el museo 2,Night at the Museum: Battle of the Smithsonian,movie,OK
VTX-1097,Peliculas Colecciones,Una noche en el museo 3,Night at the Museum: Secret of the Tomb,movie,OK
VTX-1098,Peliculas Colecciones,Donde esta el policia 1,The Naked Gun: From the Files of Police Squad!,movie,OK
VTX-1099,Peliculas Colecciones,Donde esta el policia 2,The Naked Gun 2½: The Smell of Fear,movie,OK
VTX-1100,Peliculas Colecciones,Donde esta el policia 3,Naked Gun 33⅓: The Final Insult,movie,OK
VTX-1101,Peliculas Colecciones,Donde esta el policia 4,,,OMITIDO (duplicado del Excel)
VTX-1102,Peliculas,Hereditary,Hereditary,movie,OK
VTX-1103,Peliculas Colecciones,El Castillo en el cielo,Castle in the Sky,movie,OK
VTX-1104,Peliculas Colecciones,El cuento de la princesa Kaguya,The Tale of the Princess Kaguya,movie,OK
VTX-1105,Peliculas Colecciones,El increible castillo vagabundo,Howl's Moving Castle,movie,OK
VTX-1106,Peliculas Colecciones,El mundo secreto de arrietty,The Secret World of Arrietty,movie,OK
VTX-1107,Peliculas Colecciones,El recuerdo de marnie,When Marnie Was There,movie,OK
VTX-1108,Peliculas Colecciones,El viaje de Chihiro,Spirited Away,movie,OK
VTX-1109,Peliculas Colecciones,Kiki entregas a domicilio,Kiki's Delivery Service,movie,OK
VTX-1110,Peliculas Colecciones,La guerra de los mapaches,Pom Poko,movie,OK
VTX-1111,Peliculas Colecciones,La princesa Mononoke,Princess Mononoke,movie,OK
VTX-1112,Peliculas Colecciones,La tumba de las luciernagas,Grave of the Fireflies,movie,OK
VTX-1113,Peliculas Colecciones,Mi vecino totoro,Mi vecino Totoro,movie,OK
VTX-1114,Peliculas Colecciones,Mis vecinos los yamada,Mis vecinos los Yamada,movie,OK
VTX-1115,Peliculas Colecciones,Nausicaa el valle del viento,Nausicaä of the Valley of the Wind,movie,OK
VTX-1116,Peliculas Colecciones,Ponyo y el secreto de la sirenita,Ponyo,movie,OK
VTX-1117,Peliculas Colecciones,Porco rosso,Porco Rosso,movie,OK
VTX-1118,Peliculas Colecciones,Recuerdos del ayer,Only Yesterday,movie,OK
VTX-1119,Peliculas Colecciones,Se levanta el viento,The Wind Rises,movie,OK
VTX-1120,Peliculas Colecciones,Susurros del corazon,Whisper of the Heart,movie,OK
VTX-1121,Peliculas Colecciones,El nino y la garza,The Boy and the Heron,movie,OK
VTX-1122,Anime,Digimon adventure 2000,Digimon Adventure:,tv,OK
VTX-1123,Anime,Digimon tamers,Digimon Tamers,tv,OK
VTX-1124,Series,It Bienvenidos a Derry,It: Welcome to Derry,tv,OK
VTX-1125,Animados,Batman del futuro,Batman Beyond,tv,OK
VTX-1126,Infantiles Series,Rapidos y furiosos espias al volante,Fast & Furious: Spy Racers,tv,OK
VTX-1127,Animados,The legend of vox machina,The Legend of Vox Machina,tv,OK
VTX-1128,Animados,Tu amigo y vecino Spiderman,Your Friendly Neighborhood Spider-Man,tv,OK
VTX-1129,Animados,Villainous,Villainous,tv,OK
VTX-1130,Animados,WondLa,WondLa,tv,OK
VTX-1131,Infantiles Series,Zootopia Plus,Zootopia+,tv,OK
VTX-1132,Anime,Bayblade,Beyblade,tv,OK
VTX-1133,Anime,Pokemon,,,OMITIDO (duplicado del Excel)
VTX-1134,Anime,Yugi Oh,Yu-Gi-Oh!,tv,OK
VTX-1135,Infantiles Series,Alvin y las ardillas,Alvin and the Chipmunks,tv,OK
VTX-1136,Infantiles Series,Recreo,Recess,tv,OK
VTX-1137,Infantiles Series,Rocket Power,Rocket Power,tv,OK
VTX-1138,Infantiles Series,Una maldicion familiaar,Curses!,tv,OK
VTX-1139,Infantiles Series,BayMax,Baymax!,tv,OK
VTX-1140,Animados,Spawn,Todd McFarlane's Spawn,tv,OK
VTX-1141,Infantiles Series,Bluey,Bluey,tv,OK
VTX-1142,Infantiles Series,Blippi,Blippi,tv,OK
VTX-1143,Infantiles Series,Miraculous Las Aventuras de Lady Bug,Miraculous: Tales of Ladybug & Cat Noir,tv,OK
VTX-1144,Infantiles Series,Muppet Babies,Muppet Babies,tv,OK
VTX-1145,Infantiles Series,Vampirina,Vampirina,tv,OK
VTX-1146,Peliculas,Backrooms,Backrooms,movie,OK
VTX-1147,Peliculas Colecciones,Gladiator II,Gladiator II,movie,OK
VTX-1148,Peliculas,Obsession,Obsession,movie,OK
VTX-1149,Anime,Monster Rancher,,,OMITIDO (duplicado del Excel)
VTX-1150,Infantiles Series,Recreo,,,OMITIDO (duplicado del Excel)
VTX-1151,Infantiles Series,Rocket Power,,,OMITIDO (duplicado del Excel)
VTX-1152,Anime,Blade of the inmmortal,Blade of the Immortal,tv,OK
VTX-1153,Anime,Castlevania,,,OMITIDO (duplicado del Excel)
VTX-1154,Series,Robin Hood,Robin Hood,movie,OK
VTX-1155,Series,The It Crowd,The IT Crowd,tv,OK
VTX-1156,Series,The OA,The OA,tv,OK
VTX-1157,Series,Mr Robot,Mr. Robot,tv,OK
VTX-1158,Series,Cobra Kai,Cobra Kai,tv,OK
VTX-1159,Series,Spider Noir Color,,,OMITIDO (duplicado del Excel)
VTX-1160,Series,Robin hood,,,OMITIDO (duplicado del Excel)
VTX-1161,Series,Peace Maker,Peacemaker,tv,OK
VTX-1162,Series,Monstruo la Historia de Ed Gein,Monster: The Ed Gein Story,tv,OK
VTX-1163,Series,Alien Earth,Alien: Earth,tv,OK
VTX-1164,Series,A knight of the seven kingdom,A Knight of the Seven Kingdoms: The Hedge Knight,tv,OK
VTX-1165,Series,Digimon adventure 2020,Digimon Adventure 01,tv,OK
VTX-1166,Series,Digimon adventure 02,Digimon Adventure 02,tv,OK
VTX-1167,Series,Ragnarok,Ragnarok,tv,OK
VTX-1168,Series,GooseBumbps,Goosebumps: The Vanishing,tv,OK
VTX-1169,Anime,Digimon tri,Digimon Adventure tri.,movie,OK
VTX-1170,Anime,Digimon ghost,Digimon Ghost Game,tv,OK
VTX-1171,Anime,Digimon Frontier,Digimon Frontier,tv,OK
VTX-1172,Anime,Digimon beatbreak,Digimon Beatbreak,tv,OK
VTX-1173,Documentales,72 animales peligrosos,72 Dangerous Animals,tv,OK
VTX-1174,Documentales,Bienvenidos a la tierra,Welcome to Earth,tv,OK
VTX-1175,Documentales,Ciudades perdidas,Lost Cities with Albert Lin,tv,OK
VTX-1176,Peliculas Colecciones,Crank 1,,,OMITIDO (duplicado del Excel)
VTX-1177,Peliculas Colecciones,Crank 2,,,OMITIDO (duplicado del Excel)
VTX-1178,Peliculas Colecciones,Dia de la independencia 1,,,OMITIDO (duplicado del Excel)
VTX-1179,Peliculas Colecciones,Dia de la independencia 2,,,OMITIDO (duplicado del Excel)
VTX-1180,Documentales,Disney Nature Chimpances,Disneynature: Chimpanzee,movie,OK
VTX-1181,Documentales,Disney Nature Crecuiendo libres,Disneynature: Growing Up Wild,movie,OK
VTX-1182,Documentales,Disney Nature Misterio de las alas,Disneynature: Wings of Life,movie,OK
VTX-1183,Documentales,Disney Nature Misterio de los flamencos,Disneynature: The Crimson Wing - Mystery of the Flamingos,movie,OK
VTX-1184,Documentales,Disney Nature El reino de los monos,Disneynature: Monkey Kingdom,movie,OK
VTX-1185,Documentales,Disney Nature Expedicion a china,Disneynature: Expedition China,movie,OK
VTX-1186,Documentales,Disney Nature Felinos de africa,Disneynature: African Cats,movie,OK
VTX-1187,Documentales,Disney Nature Fantasmas de las montannas,Disneynature: Ghost of the Mountains,movie,OK
VTX-1188,Documentales,Disney Nature nacidos en china,Disneynature: Born in China,movie,OK
VTX-1189,Documentales,Disney Nature osos,Disneynature: Bears,movie,OK
VTX-1190,Anime,Dragon ball GT,Dragon Ball GT,tv,OK
VTX-1191,Anime,Escuadron suicida Isekai,Suicide Squad Isekai,tv,OK
VTX-1192,Documentales,Eventos de la segunda guerra mundial a todo color,Greatest Events of World War II in Colour,tv,OK
VTX-1193,Peliculas Colecciones,El silencio de los inocentes,,,OMITIDO (duplicado del Excel)
VTX-1194,Peliculas Colecciones,Hannibal,,,OMITIDO (duplicado del Excel)
VTX-1195,Peliculas Colecciones,Dragon rojo,,,OMITIDO (duplicado del Excel)
VTX-1196,Anime,Hells paradise,Hell's Paradise: Jigokuraku,tv,OK
VTX-1197,Documentales,Idols del K pop,Idols del K-pop,tv,OK
VTX-1198,Anime,Kaiju N8,Kaiju No. 8,tv,OK
VTX-1199,Documentales,La maldicion de enfield,The Enfield Poltergeist,tv,OK
VTX-1200,Documentales,La segunda guerra mundial a todo color,World War II in Colour,tv,OK
VTX-1201,Documentales,La toma perfecta,One Perfect Shot,tv,OK
VTX-1202,Documentales,La vida secreta de los animales,The Secret Lives of Animals,tv,OK
VTX-1203,Documentales,Las cintas de Jeffrey Dahmer,Conversations with a Killer: The Jeffrey Dahmer Tapes,tv,OK
VTX-1204,Documentales,Tesoros perdidos de Maya,Lost Treasures of the Maya,tv,OK
VTX-1205,Documentales,Mi encuentro con el mal,My Encounter with Evil,tv,OK
VTX-1206,Documentales,National Geographic - los ciclos de la tierra,National Geographic: Los Ciclos de la Tierra,tv,OK
VTX-1207,Documentales,Planea hostil,Hostile Planet,tv,OK
VTX-1208,Documentales,teoros perdidos de egipto,Lost Treasures of Egypt,tv,OK
VTX-1209,Documentales,Vietnam la guerra que cambio USA,Vietnam: The War That Changed America,tv,OK
VTX-1210,Peliculas Colecciones,Bala perdida 1,Lost Bullet,movie,OK
VTX-1211,Peliculas Colecciones,Bala perdida 2,Lost Bullet 2,movie,OK
VTX-1212,Peliculas Colecciones,Bala perdida 3,Last Bullet,movie,OK
VTX-1213,Peliculas Colecciones,El diario de greg 1,Diary of a Wimpy Kid,movie,OK
VTX-1214,Peliculas Colecciones,El diario de greg 2,Diary of a Wimpy Kid: Rodrick Rules,movie,OK
VTX-1215,Peliculas Colecciones,El diario de greg 3,Diary of a Wimpy Kid: Dog Days,movie,OK
VTX-1216,Peliculas Colecciones,El diario de greg 4,Diary of a Wimpy Kid: The Long Haul,movie,OK
VTX-1217,Peliculas Colecciones,El robo perfecto 1,Den of Thieves,movie,OK
VTX-1218,Peliculas Colecciones,El robo perfecto 2,Den of Thieves 2: Pantera,movie,OK
VTX-1219,Peliculas Colecciones,Happy Gilmore 1,Happy Gilmore,movie,OK
VTX-1220,Peliculas Colecciones,Happy Gilmore 2,Happy Gilmore 2,movie,OK
VTX-1221,Series,Helstrom,Helstrom,tv,OK
VTX-1222,Infantiles Peliculas,Era de hielo 1,Ice Age,movie,OK
VTX-1223,Infantiles Peliculas,Era de hielo 2,Ice Age: The Meltdown,movie,OK
VTX-1224,Infantiles Peliculas,Era de hielo 3,Ice Age: Dawn of the Dinosaurs,movie,OK
VTX-1225,Infantiles Peliculas,Era de hielo 4,Ice Age: Continental Drift,movie,OK
VTX-1226,Infantiles Peliculas,Era de hielo 5,Ice Age: Collision Course,movie,OK
VTX-1227,Infantiles Peliculas,Era de hielo 6,Ice Age: Adventures of Buck Wild,movie,OK
VTX-1228,Infantiles Peliculas,Era de hielo 7,Ice Age: A Mammoth Christmas,movie,OK
VTX-1229,Series,JU ON Origenes,Ju-On: Origins,tv,OK
VTX-1230,Infantiles Peliculas,MI Villano Favorito 1,Despicable Me,movie,OK
VTX-1231,Infantiles Peliculas,MI Villano Favorito 2,Despicable Me 2,movie,OK
VTX-1232,Infantiles Peliculas,MI Villano Favorito 3,Despicable Me 3,movie,OK
VTX-1233,Peliculas,No respires 1,Don't Breathe,movie,OK
VTX-1234,Documentales,Planeta PreHistorico,Prehistoric Planet,tv,OK
VTX-1235,Peliculas Colecciones,Scream 1,Scream,movie,OK
VTX-1236,Peliculas Colecciones,Scream 2,Scream 2,movie,OK
VTX-1237,Peliculas Colecciones,Scream 3,Scream 3,movie,OK
VTX-1238,Peliculas Colecciones,Scream 4,Scream 4,movie,OK
VTX-1239,Peliculas Colecciones,Scream 6,Scream VI,movie,OK
VTX-1240,Peliculas Colecciones,Space Jam 1,Space Jam,movie,OK
VTX-1241,Peliculas Colecciones,Space Jam 2,Space Jam: A New Legacy,movie,OK
VTX-1242,Peliculas Colecciones,Una pareja explosiva 1,Rush Hour,movie,OK
VTX-1243,Peliculas Colecciones,Una pareja explosiva 2,Rush Hour 2,movie,OK
VTX-1244,Peliculas Colecciones,Una pareja explosiva 3,Rush Hour 3,movie,OK
VTX-1245,Anime,Yu YU hakusho,YuYu Hakusho,tv,OK
VTX-1247,Peliculas,Cazadores del fin del mundo,Afterburn,movie,OK
VTX-1248,Peliculas,Copy Cat,Copycat,movie,OK
VTX-1249,Peliculas Colecciones,Despertar del diablo 1,The Hills Have Eyes,movie,OK
VTX-1250,Peliculas Colecciones,Despertar del diablo 2,The Hills Have Eyes 2,movie,OK
VTX-1251,Peliculas,Eden,Eden,movie,OK
VTX-1252,Peliculas,Paradox effect,Paradox Effect,movie,OK
VTX-1253,Peliculas,Conde montecristo,The Count of Monte Cristo,movie,OK
VTX-1254,Peliculas,Cuarto contacto,The Fourth Kind,movie,OK
VTX-1255,Peliculas,El maravilloso mago de oz,The Wonderful Wizard of Oz,movie,OK
VTX-1256,Peliculas,Eternity,Eternity,movie,OK
VTX-1257,Peliculas Colecciones,Evil dead el despertar,Evil Dead Rise,movie,OK
VTX-1258,Peliculas,haz que regrese,,,OMITIDO (duplicado del Excel)
VTX-1259,Peliculas,Lecciones de un pinguino,The Penguin Lessons,movie,OK
VTX-1260,Peliculas,Mi amigo el pinguino,My Penguin Friend,movie,OK
VTX-1261,Peliculas Colecciones,Posesion infernal,,,OMITIDO (duplicado del Excel)
VTX-1262,Peliculas,Together Juntos hasta la muerte,Together,movie,OK
VTX-1263,Peliculas,VHS Halloween,V/H/S/Halloween,movie,OK
VTX-1264,Peliculas,ZOOPOCALIPSIS,Zoopocalypse,movie,OK
VTX-1265,Peliculas,Paranorman,ParaNorman,movie,OK
VTX-1266,Peliculas,Constantine,Constantine,movie,OK
VTX-1267,Peliculas,Elysium,Elysium,movie,OK
VTX-1268,Series,Adolescencia,Adolescence,tv,OK
VTX-1269,Peliculas,Intensamente,Inside Out,movie,OK
VTX-1270,Peliculas,El dia de la revelacion,Disclosure Day,movie,OK
VTX-1271,Anime,Historias de Fantasmas,Ghost Stories,tv,OK
VTX-1272,Peliculas Colecciones,Venom 1,Venom,movie,OK
VTX-1273,Peliculas Colecciones,Venom 2,Venom: Let There Be Carnage,movie,OK
VTX-1274,Peliculas,Eternals,Eternals,movie,OK
VTX-1275,Peliculas,Dungeons And Dragons,Dungeons & Dragons: Honor Among Thieves,movie,OK
VTX-1276,Infantiles Peliculas,Elemental,Elemental,movie,OK
VTX-1277,Peliculas,F1,F1,movie,OK
VTX-1278,Infantiles Peliculas,Five Nights At Freddys,Five Nights at Freddy's,movie,OK
VTX-1279,Peliculas,Fly me to the moon,Fly Me to the Moon,movie,OK
VTX-1280,SHOW,Franco escamilla auditorio,Franco Escamilla: Bienvenido al Mundo,movie,OK
VTX-1281,Peliculas,Finch,Finch,movie,OK
VTX-1282,Peliculas,Hmbre lobo,Wolf Man,movie,OK
VTX-1283,Peliculas,Kraven el cazador,Kraven the Hunter,movie,OK
VTX-1284,Peliculas,Lightyear,Lightyear,movie,OK
VTX-1285,Peliculas,La posesion de la momia,Lee Cronin's The Mummy,movie,OK
VTX-1286,Infantiles Peliculas,Villano favorito 4,,,OMITIDO (duplicado del Excel)
VTX-1287,Peliculas,Migration,Migration,movie,OK
VTX-1288,Infantiles Peliculas,Minions 1,Minions,movie,OK
VTX-1289,Infantiles Peliculas,Minions 2,Minions: The Rise of Gru,movie,OK
VTX-1290,Peliculas,Mufasa el rey leon,Mufasa: The Lion King,movie,OK
VTX-1291,Peliculas,Moonfall,Moonfall,movie,OK
VTX-1292,Peliculas,Nosferatu,Nosferatu,movie,OK
VTX-1293,Peliculas,Novocaine sin dolor,Novocaine,movie,OK
VTX-1294,Infantiles Peliculas,Pinocho de guillermo del toro,Pinocho de Guillermo del Toro,movie,OK
VTX-1295,Infantiles Peliculas,Gato con Botas 2,Puss in Boots: The Last Wish,movie,OK
VTX-1296,Peliculas,Radical,Radical,movie,OK
VTX-1297,Infantiles Peliculas,Robot Dreams,Robot Dreams,movie,OK
VTX-1298,Peliculas,Saw X,Saw X,movie,OK
VTX-1299,Peliculas,Scream 7,Scream 7,movie,OK
VTX-1300,Peliculas,Sonrie 1,Smile,movie,OK
VTX-1301,Peliculas,Sonrie 2,Smile 2,movie,OK
VTX-1302,Peliculas,Spirited,Spirited,movie,OK
VTX-1303,Peliculas,Talk to me,Talk to Me,movie,OK
VTX-1304,Peliculas Colecciones,The black phone,The Black Phone,movie,OK
VTX-1305,Peliculas,The Batman,The Batman,movie,OK
VTX-1306,Peliculas,The Boogie man,The Boogeyman,movie,OK
VTX-1307,Peliculas Colecciones,Caza Fantasmas afterlife,,,OMITIDO (duplicado del Excel)
VTX-1308,Peliculas Colecciones,Caza Fantasmas Frozen empire,Ghostbusters: Frozen Empire,movie,OK
VTX-1309,Peliculas,The exorcist believer,The Exorcist: Believer,movie,OK
VTX-1310,Peliculas,The creator,The Creator,movie,OK
VTX-1311,Peliculas,The flash,The Flash,movie,OK
VTX-1312,Peliculas Colecciones,The marvels,The Marvels,movie,OK
VTX-1313,Peliculas,The northman,The Northman,movie,OK
VTX-1314,Peliculas,The popes exorcist,The Pope's Exorcist,movie,OK
VTX-1315,Peliculas,The ritual killer,The Ritual Killer,movie,OK
VTX-1316,Peliculas,The subtance,The Substance,movie,OK
VTX-1317,Peliculas,The whale,The Whale,movie,OK
VTX-1318,Peliculas Colecciones,Transformers Rise of the beast,Transformers: Rise of the Beasts,movie,OK
VTX-1319,Peliculas,Wonka,Wonka,movie,OK
VTX-1320,Peliculas,Uncharted,Uncharted,movie,OK
VTX-1321,Peliculas,Cruella,Cruella,movie,OK
VTX-1322,Peliculas,El ejecricdto de los muertos,Army of the Dead,movie,OK
VTX-1323,Peliculas,Monster Hunter,Monster Hunter,movie,OK
VTX-1324,Peliculas,Vanquish,Vanquish,movie,OK
VTX-1325,Peliculas,Observados,The Watchers,movie,OK
VTX-1326,Series,Le temes a la oscuridad,Are You Afraid of the Dark?,tv,OK
VTX-1327,Series,Escalofrios,Goosebumps,tv,OK
VTX-1328,Series,Las Aventuras del Suspenso,The Nightmare Room,tv,OK
VTX-1329,Dorama,Alice,Alice,tv,OK
VTX-1330,Dorama,Anna,Anna,tv,OK
VTX-1331,Dorama,Aterrizaje de emergencia en tu corazon,Crash Landing on You,tv,OK
VTX-1332,Dorama,Bad Guys,Bad Guys,tv,OK
VTX-1333,Dorama,"BESOS, Kitty","XO, Kitty",tv,OK
VTX-1334,Dorama,Boys over flowers,Boys Over Flowers,tv,OK
VTX-1335,Dorama,Chicago Typewriter,Chicago Typewriter,tv,OK
VTX-1336,Dorama,Como peces dorados,Fishbowl Wives,tv,OK
VTX-1337,Dorama,Connect,Connect,tv,OK
VTX-1338,Dorama,"Dongjae, entre el bien y el mal","Dongjae, the Good or the Bastard",tv,OK
VTX-1339,Dorama,Doona,Doona!,tv,OK
VTX-1340,Dorama,Dulce hogar,Sweet Home,tv,OK
VTX-1341,Dorama,El agente divino,Agent from Above,tv,OK
VTX-1342,Dorama,El juego de la muerte,El juego de la muerte,tv,OK
VTX-1343,Dorama,El juego de la piramide,El Juego de la Pirámide,tv,OK
VTX-1344,Dorama,El rey - eterno monarca,The King: Eternal Monarch,tv,OK
VTX-1345,Dorama,El tranvia,Trolley,tv,OK
VTX-1346,Dorama,Erase un amor rural,Once Upon a Small Town,tv,OK
VTX-1347,Dorama,"Espera, mi juventud","Wait, My Youth",tv,OK
VTX-1348,Dorama,Eve,Eve,tv,OK
VTX-1349,Dorama,Hasta que el cielo nos reuna,Heavenly Ever After,tv,OK
VTX-1350,Dorama,Kimi no Todoke - Llegando a ti,Kimi ni Todoke: From Me to You,tv,OK
VTX-1351,Dorama,La belleza de Gangnam,My ID is Gangnam Beauty,tv,OK
VTX-1352,Dorama,La buena mala madre,The Good Bad Mother,tv,OK
VTX-1353,Dorama,La Gloria,La Gloria,tv,OK
VTX-1354,Dorama,Las inclemencias del amor,Forecasting Love and Weather,tv,OK
VTX-1355,Dorama,Manana,Tomorrow,tv,OK
VTX-1356,Dorama,Negocio Letal,Negocio letal,tv,OK
VTX-1357,Dorama,No soy un robot,I'm Not a Robot,tv,OK
VTX-1358,Dorama,Nobody Knows,Nobody Knows,tv,OK
VTX-1359,Dorama,Only for love,Only for Love,tv,OK
VTX-1360,Dorama,Pasion por la limpieza,Clean with Passion for Now,tv,OK
VTX-1361,Dorama,Payback - Money and power,Payback: Money and Power,tv,OK
VTX-1362,Dorama,Propuesta laboral,A Business Proposal,tv,OK
VTX-1363,Dorama,Rent a girldfriend,Rent-a-Girlfriend,tv,OK
VTX-1364,Dorama,Reset,Reset,tv,OK
VTX-1365,Dorama,Rugal,Rugal,tv,OK
VTX-1366,Dorama,Save me,Save Me,tv,OK
VTX-1367,Dorama,Sennor Reina,Señor Reina,tv,OK
VTX-1368,Dorama,Si la vida te da mandarinas,When Life Gives You Tangerines,tv,OK
VTX-1369,Dorama,Signal,Signal,tv,OK
VTX-1370,Dorama,Stranger,Stranger,tv,OK
VTX-1371,Dorama,Study Group,Study Group,tv,OK
VTX-1372,Dorama,Summer quiere descansar,Summer Strike,tv,OK
VTX-1373,Dorama,Tribunal de menores,Juvenile Justice,tv,OK
VTX-1374,Dorama,Un amor tan hermoso,A Love So Beautiful,tv,OK
VTX-1375,Dorama,Veinticinco veintiuno,Twenty-Five Twenty-One,tv,OK
VTX-1376,Dorama,Voz,Voice,tv,OK
VTX-1377,Dorama,Weak Hero class,Weak Hero Class,tv,OK
VTX-1378,Dorama,Woo una abogada extraordinaria,Extraordinary Attorney Woo,tv,OK
VTX-1379,Dorama,Yo sere tu flor,I Will Be Your Bloom,tv,OK
VTX-1380,Dorama,Yonder,Yonder,tv,OK
VTX-1381,Anime,Seven Deadly Sins - Los 4 Jinetes del apocalipsis,The Seven Deadly Sins: Four Knights of the Apocalypse,tv,OK
VTX-1382,Animados,Spiderman 1994,Spider-Man: The Animated Series,tv,OK
VTX-1383,Animados,El espectacualr Sipder man,The Spectacular Spider-Man,tv,OK
VTX-1384,Peliculas,Los simpson Simpsley,,,OMITIDO (duplicado del Excel)
VTX-1385,Infantiles Peliculas,Minions  3 (Minions and monsters),Minions & Monsters,movie,OK
VTX-1386,Peliculas,Robots,Robots,movie,OK
VTX-1387,Peliculas,Soy Leyenda,I Am Legend,movie,OK
VTX-1388,Peliculas Colecciones,Star wars the mandalorian And Grogu,Star Wars: The Mandalorian and Grogu,movie,OK
VTX-1389,Peliculas,The Amazing Digital Circus,The Amazing Digital Circus: The Last Act,movie,OK
VTX-1390,Peliculas,The fable (Live action),The Fable (2019),movie,OK
VTX-1391,Infantiles Series,Que hay de nuevo scooby doo,"What's New, Scooby-Doo?",tv,OK
VTX-1392,Anime,Grappler Baki,Baki the Grappler,tv,OK
VTX-1393,Peliculas,Oppenheimer,Oppenheimer,movie,OK
VTX-1394,Infantiles Series,Gravity Falls,Gravity Falls,tv,OK
VTX-1395,Peliculas,Amos del universo,Masters of the Universe,movie,OK
VTX-1396,Peliculas,Anticristo,Antichrist,movie,OK
VTX-1397,Peliculas,Bohemian Rhapsody,Bohemian Rhapsody,movie,OK
VTX-1398,Peliculas,Donnie Darko,Donnie Darko,movie,OK
VTX-1399,Peliculas,Dragon Heart 5 Vengeance,Dragonheart: Vengeance,movie,OK
VTX-1400,Peliculas,El astronauta,Spaceman,movie,OK
VTX-1401,Peliculas,El gran truco (Prestige),The Prestige,movie,OK
VTX-1402,Peliculas,El Hombre bicentenario,Bicentennial Man,movie,OK
VTX-1403,Peliculas,La Pasion de Cristo,The Passion of the Christ,movie,OK
VTX-1404,Peliculas,10000 annos anteas de cristo,,,OMITIDO (duplicado del Excel)
VTX-1405,Anime,Kohima Wants to be a kamen Rider,Tojima Wants to Be a Kamen Rider,tv,OK
VTX-1406,Anime,Gantz,Gantz,tv,OK
VTX-1407,Anime,Lord of Mysteries,Lord of Mysteries,tv,OK
VTX-1408,Anime,Super cube,Super Cube,tv,OK
VTX-1409,Anime,Zoids,Zoids,tv,OK
VTX-1410,Peliculas,Amigos Intocables,The Intouchables,movie,OK
VTX-1411,Peliculas,El laberinto del fauno,Pan's Labyrinth,movie,OK
VTX-1412,Peliculas,The menu,The Menu,movie,OK
VTX-1413,Peliculas,Ese es mi hijo,That's My Boy,movie,OK
VTX-1414,Peliculas,Forest gump,Forrest Gump,movie,OK
VTX-1415,Peliculas,Memoir of a snail (Memorias de un caracol),Memoir of a Snail,movie,OK
VTX-1416,Peliculas,Her,Her,movie,OK
VTX-1417,Peliculas,La Milla Verde,The Green Mile,movie,OK
VTX-1418,Peliculas Colecciones,Inframundo 1,Underworld,movie,OK
VTX-1419,Peliculas Colecciones,Inframundo 2,Underworld: Evolution,movie,OK
VTX-1420,Peliculas Colecciones,Inframundo 3,Underworld: Rise of the Lycans,movie,OK
VTX-1421,Peliculas Colecciones,Inframundo 4,Underworld: Awakening,movie,OK
VTX-1422,Peliculas Colecciones,Inframundo 5,Underworld: Blood Wars,movie,OK
VTX-1423,Anime,Zoids Zero,Zoids: New Century Zero,tv,OK
VTX-1424,Peliculas Colecciones,The black phone 2,Black Phone 2,movie,OK
VTX-1425,Peliculas Colecciones,Starship Troopers 1,Starship Troopers,movie,OK
VTX-1426,Peliculas Colecciones,Starship Troopers 2,Starship Troopers 2: Hero of the Federation,movie,OK
VTX-1427,Peliculas Colecciones,Starship Troopers 3,Starship Troopers 3: Marauder,movie,OK
VTX-1428,Peliculas Colecciones,Starship troopers Invasion Animada,Starship Troopers: Invasion,movie,OK
VTX-1429,Peliculas,Exit 8,Exit 8,movie,OK
VTX-1430,Peliculas,La forma del agua,The Shape of Water,movie,OK
VTX-1431,Peliculas,Midsommar,Midsommar,movie,OK
VTX-1432,Peliculas,Panico y Asco en las Vegas,Fear and Loathing in Las Vegas,movie,OK
VTX-1433,Peliculas,Requiem for a dream,Requiem for a Dream,movie,OK
VTX-1434,Peliculas Colecciones,El Hoyo 1,The Platform,movie,OK
VTX-1435,Peliculas Colecciones,El Hoyo 2,The Platform 2,movie,OK
VTX-1436,Peliculas,Un Poeta,A Poet,movie,OK
VTX-1437,Anime,Jigoku Shoujo,Hell Girl,tv,OK
VTX-1438,Anime Peliculas,Kaiju 8 pelicula,Kaiju No. 8: Mission Recon,movie,OK
VTX-1439,Infantiles Series,Oggy y las cucarachas 1998,Oggy and the Cockroaches,tv,OK
VTX-1440,Infantiles Series,31 minutos,31 Minutos,tv,OK
VTX-1441,Infantiles Peliculas,Parque Magico,,,OMITIDO (duplicado del Excel)
,,,Harry Potter and the Deathly Hallows: Part 2,movie,SOLO EN CATALOGO (sin fila en Excel)
